[
    {   
        "book_id": "1",
        "details":{
            "book_name": "毒医王妃",
            "book_author":"蓝郁华",
            "book_translator":"无",
            "book_subtitle":"角色王妃",
            "book_page":"12315",
            "book_publish_company":"铁蛋文化传媒有限公司",
            "book_price":"1024元",
            "book_binding":"000",
            "book_publish_year":"2020.03.03",
            "img":"/img/index-list-2.png",
            "rating":{
                "read":"2345",
                "collection":"888",
                "pizhu":"996",
                "comment":"669",
                "score":"8",
                "max":"10"
            }
        },
        "short_comments":[
        {
            "img":"https://ss0.bdstatic.com/70cFuHSh_Q1YnxGkpoWK1HF6hhy/it/u=2870945999,1660704915&fm=26&gp=0.jpg",
            "title":"短标题一",
            "user":"北科一号",
            "short_comment_id":"001",
            "publish_date":"2019.01.01",
            "publish_time":"10.24",
            "abstruct":"千锋教育是互联网教育行业扛把子，在业界内有着良好的评价，万千学子通过这个平台，获得良好的就业前景，实现了人生价值。 千锋教育是互联网教育行业扛把子，在业界内有着良好的评价，万千学子通过这个平台，获得良好的就业前景，实现了人生价值。"     
        },
        {
            "img":"https://ss0.bdstatic.com/70cFuHSh_Q1YnxGkpoWK1HF6hhy/it/u=2359373386,3423991528&fm=26&gp=0.jpg",
            "title":"短标题二",
                "user":"北科二号",
            "short_comment_id":"002",
            "publish_date":"2019.02.02",
            "publish_time":"10.24",
            "abstruct":"千锋教育是互联网教育行业扛把子，在业界内有着良好的评价，万千学子通过这个平台，获得良好的就业前景，实现了人生价值。 千锋教育是互联网教育行业扛把子，在业界内有着良好的评价，万千学子通过这个平台，获得良好的就业前景，实现了人生价值。"
        },
        {
            "img":"https://ss3.bdstatic.com/70cFv8Sh_Q1YnxGkpoWK1HF6hhy/it/u=2996336771,1413798374&fm=26&gp=0.jpg",
            "title":"短标题三",
                "user":"北科三号",
            "short_comment_id":"003",
            "publish_date":"2019.03.03",
            "publish_time":"10.24",
            "abstruct":"千锋教育是互联网教育行业扛把子，在业界内有着良好的评价，万千学子通过这个平台，获得良好的就业前景，实现了人生价值。 千锋教育是互联网教育行业扛把子，在业界内有着良好的评价，万千学子通过这个平台，获得良好的就业前景，实现了人生价值。"
        }
        ],
        "book_intro": "穿越而来,她自带防毒雷达。哔哔一啥?姨娘凶狠,外加蛇蝎庶妹?哔哔一呀!包办婚姻,老公还看不上她?没关系，凭她超高智商,灭杀渣渣只在转瞬之间。绝色容颜,吸引狂蜂浪蝶无数，人气爆棚,神马皇帝亲王,都.各位书友要是觉得《绝色毒医王妃》还不错的话请不要忘记向您qq群和微博里的朋友推荐哦!穿越而来,她自带防毒雷达。哔哔一啥?姨娘凶狠,外加蛇蝎庶妹?哔哔一呀!包办婚姻,老公还看不上她?没关系，凭她超高智商,灭杀渣渣只在转瞬之间。绝色容颜,吸引狂蜂浪蝶无数，人气爆棚,神马皇帝亲王,都.各位书友要是觉得《绝色毒医王妃》还不错的话请不要忘记向您qq群和微博里的朋友推荐哦!穿越而来,她自带防毒雷达。哔哔一啥?姨娘凶狠,外加蛇蝎庶妹?哔哔一呀!包办婚姻,老公还看不上她?没关系，凭她超高智商,灭杀渣渣只在转瞬之间。绝色容颜,吸引狂蜂浪蝶无数，人气爆棚,神马皇帝亲王,都.各位书友要是觉得《绝色毒医王妃》还不错的话请不要忘记向您qq群和微博里的朋友推荐哦!",
        "author_detail": "作者用过有三个笔名。原笔名为Jassica ,后改为禾如,后改为是蓝花月(出版书的笔名)。超级宅女一枚,经常性喜新厌旧,属于三分钟热度人种,小宇宙爆发十分少见。金牛座,个性固执。粘液质,时而多言多笑，时而沉默寡言,面无表情。性情懒散,作息极度正常,非夜猫。爱说笑话,极冷,从不笑场，对方却捧腹大笑。非感性,却时常拽纸巾对着电脑屏幕大哭特哭。",
        "book_menu":[
        { "id": 0, "number": "第一章", "title": "前端发展史" },
        { "id": 1, "number": "第二章", "title": "前端发展史" },
        { "id": 2, "number": "第三章", "title": "前端发展史" },
        { "id": 3, "number": "第四章", "title": "前端发展史" },
        { "id": 4, "number": "第五章", "title": "前端发展史" },
        { "id": 5, "number": "第六章", "title": "前端发展史" },
        { "id": 6, "number": "第七章", "title": "前端发展史" },
        { "id": 7, "number": "第八章", "title": "前端发展史" },
        { "id": 8, "number": "第九章", "title": "前端发展史" },
        { "id": 9, "number": "第十章", "title": "前端发展史" },
        { "id": 10, "number": "第十一章", "title": "前端发展史" },
        { "id": 11, "number": "第十二章", "title": "前端发展史" },
        { "id": 12, "number": "第十三章", "title": "前端发展史" },
        { "id": 13, "number": "第十四章", "title": "前端发展史" },
        { "id": 14, "number": "第十五章", "title": "前端发展史" },
        { "id": 15, "number": "第十六章", "title": "前端发展史" },
        { "id": 16, "number": "第十七章", "title": "前端发展史" },
        { "id": 17, "number": "第十八章", "title": "前端发展史" },
        { "id": 18, "number": "第十九章", "title": "前端发展史" }
        ],
        "also_love":[
            {
                "id":"1",
                "img":"http://localhost:3000/home/introduce/static/media/alsolove.c669761e.png",
                "title":"少夫人要离婚"
            },
            {
                "id":"2",
                "img":"http://localhost:3000/home/introduce/static/media/alsolove.c669761e.png",
                "title":"王子变青蛙"
            },
            {
                "id":"3",
                "img":"http://localhost:3000/home/introduce/static/media/alsolove.c669761e.png",
                "title":"霸道总裁爱上我"
            },
            {
                "id":"4",
                "img":"http://localhost:3000/home/introduce/static/media/alsolove.c669761e.png",
                "title":"放羊的星星"
            }

        ],
        "long_comments":[
            {
                "img":"https://ss2.bdstatic.com/70cFvnSh_Q1YnxGkpoWK1HF6hhy/it/u=3491509579,1178158013&fm=26&gp=0.jpg",
                "title":"长标题一",
                "namlong_commentse":"千锋一号",
                "long_comment_id":"001",
                "publish_date":"2019.01.01",
                "publish_time":"10:24",
                "abstruct":
                "千锋教育是互联网教育行业扛把子，在业界内有着良好的评价，万千学子通过这个平台，获得良好的就业前景，实现了人生价值。 千锋教育是互联网教育行业扛把子，在业界内有着良好的评价，万千学子通过这个平台，获得良好的就业前景，实现了人生价值。"    
            },
            {
                "img":"https://ss3.bdstatic.com/70cFv8Sh_Q1YnxGkpoWK1HF6hhy/it/u=2188550829,170374158&fm=26&gp=0.jpg",
                "title":"长标题二",
                "name":"千锋二号",
                "long_comment_id":"002",
                "publish_date":"2019.02.02",
                "publish_time":"10:24",
                "abstruct":"千锋教育是互联网教育行业扛把子，在业界内有着良好的评价，万千学子通过这个平台，获得良好的就业前景，实现了人生价值。 千锋教育是互联网教育行业扛把子，在业界内有着良好的评价，万千学子通过这个平台，获得良好的就业前景，实现了人生价值。" 
            },
            {
                "img":"https://ss0.bdstatic.com/70cFvHSh_Q1YnxGkpoWK1HF6hhy/it/u=2381088286,2997834852&fm=26&gp=0.jpg",
                "title":"长标题三",
                "name":"千锋三号",
                "long_comment_id":"003",
                "publish_date":"2019.03.03",
            "publish_time":"10:24",
                "abstruct":"千锋教育是互联网教育行业扛把子，在业界内有着良好的评价，万千学子通过这个平台，获得良好的就业前景，实现了人生价值。 千锋教育是互联网教育行业扛把子，在业界内有着良好的评价，万千学子通过这个平台，获得良好的就业前景，实现了人生价值。"
            }
        ],
        "about_book":[
            {
                "press":"兴华书店出版社",
                "year":" 2006.02.03"
            },
            {
                "press":"新华书店出版社",
                "year":" 2009.12.13"
            },
            {
                "press":"清华大学出版社",
                "year":" 2014.09.27"
            },
            {
                "press":"北京大学出版社",
                "year":" 2019.11.15"
            },
            {
                "press":"千锋教育出版社",
                "year":" 2020.05.17"
            },
            {
                "press":"时代创新出版社",
                "year":" 2008.08.20"
            },
            {
                "press":"南方科技出版社",
                "year":" 2011.06.21"
            }
        ],
        "book_reading":[
            {
                "img":"https://ss1.bdstatic.com/70cFvXSh_Q1YnxGkpoWK1HF6hhy/it/u=3130796396,2668692117&fm=11&gp=0.jpg",
                "name":"前端一号"
            },
            {
                "img":"https://ss3.bdstatic.com/70cFv8Sh_Q1YnxGkpoWK1HF6hhy/it/u=528621949,1756328282&fm=11&gp=0.jpg",
                "name":"前端二号"
            },{
                "img":"https://ss2.bdstatic.com/70cFvnSh_Q1YnxGkpoWK1HF6hhy/it/u=3259386710,2380156492&fm=11&gp=0.jpg",
                "name":"前端三号"
            },
            {
                "img":"https://ss0.bdstatic.com/70cFvHSh_Q1YnxGkpoWK1HF6hhy/it/u=1308808993,2060597189&fm=26&gp=0.jpg",
                "name":"前端四号"
            }, {
                "img":"https://ss2.bdstatic.com/70cFvnSh_Q1YnxGkpoWK1HF6hhy/it/u=2972008604,1311542082&fm=26&gp=0.jpg",
                "name":"前端五号"
            },
            {
                "img":"https://ss2.bdstatic.com/70cFvnSh_Q1YnxGkpoWK1HF6hhy/it/u=3259386710,2380156492&fm=11&gp=0.jpg",
                "name":"前端六号"
            },
            {
                "img":"https://ss0.bdstatic.com/70cFvHSh_Q1YnxGkpoWK1HF6hhy/it/u=2762697048,4040207074&fm=11&gp=0.jpg",
                "name":"前端七号"
            }, {
                "img":"https://ss0.bdstatic.com/70cFuHSh_Q1YnxGkpoWK1HF6hhy/it/u=2780734162,1455108168&fm=26&gp=0.jpg",
                "name":"前端八号"
            },
            {
                "img":"https://ss2.bdstatic.com/70cFvnSh_Q1YnxGkpoWK1HF6hhy/it/u=3259386710,2380156492&fm=11&gp=0.jpg",
                "name":"前端九号"
            }
            
        ],
        "book_club":[
            {
                "img":"https://ss0.bdstatic.com/70cFvHSh_Q1YnxGkpoWK1HF6hhy/it/u=2105034188,3644419034&fm=26&gp=0.jpg",
                "name":"诗词大会"
            },
            {
                "img":"https://ss2.bdstatic.com/70cFvnSh_Q1YnxGkpoWK1HF6hhy/it/u=2964909518,1109275188&fm=26&gp=0.jpg",
                "name":"北京好故事"
            },
                {
                "img":"https://ss2.bdstatic.com/70cFvnSh_Q1YnxGkpoWK1HF6hhy/it/u=863355349,843074881&fm=26&gp=0.jpg",
                "name":"前端好声音"
            },
            {
                "img":"https://ss1.bdstatic.com/70cFvXSh_Q1YnxGkpoWK1HF6hhy/it/u=3130796396,2668692117&fm=11&gp=0.jpg",
                "name":"你最有才"
            }, {
                "img":"https://ss0.bdstatic.com/70cFvHSh_Q1YnxGkpoWK1HF6hhy/it/u=3423792428,2619868754&fm=26&gp=0.jpg",
                "name":"中华好故事"
            },
            {
                "img":"https://ss1.bdstatic.com/70cFvXSh_Q1YnxGkpoWK1HF6hhy/it/u=605148763,3473589336&fm=26&gp=0.jpg",
                "name":"前端风云"
            },
            {
                "img":"https://ss1.bdstatic.com/70cFvXSh_Q1YnxGkpoWK1HF6hhy/it/u=3130796396,2668692117&fm=11&gp=0.jpg",
                "name":"你最有才"
            }, {
                "img":"https://ss0.bdstatic.com/70cFvHSh_Q1YnxGkpoWK1HF6hhy/it/u=3423792428,2619868754&fm=26&gp=0.jpg",
                "name":"中华好故事"
            },
            {
                "img":"https://ss1.bdstatic.com/70cFvXSh_Q1YnxGkpoWK1HF6hhy/it/u=605148763,3473589336&fm=26&gp=0.jpg",
                "name":"前端风云"
            }
        ],
        "book_video":[
            {
                "img":"https://ss1.bdstatic.com/70cFvXSh_Q1YnxGkpoWK1HF6hhy/it/u=3896379459,782588978&fm=11&gp=0.jpg",
                "name":"毒医王妃第一部",
                "watch":"6895"
            },
            {
                "img":"https://ss0.bdstatic.com/70cFuHSh_Q1YnxGkpoWK1HF6hhy/it/u=1408348614,3626786324&fm=26&gp=0.jpg",
                "name":"复仇第二部",
                "watch":"9857"
            },
            {
                "img":"https://ss3.bdstatic.com/70cFv8Sh_Q1YnxGkpoWK1HF6hhy/it/u=3350189893,1765724280&fm=26&gp=0.jpg",
                "name":"冲破天际",
                "watch":"2547"
            },
            {
                "img":"https://ss1.bdstatic.com/70cFvXSh_Q1YnxGkpoWK1HF6hhy/it/u=3896379459,782588978&fm=11&gp=0.jpg",
                "name":"奔跑第三季",
                "watch":"10327"
            },
            {
                "img":"https://ss0.bdstatic.com/70cFuHSh_Q1YnxGkpoWK1HF6hhy/it/u=1408348614,3626786324&fm=26&gp=0.jpg",
                "name":"丘比特执行",
                "watch":"4787"
            }
        ]
    } ,
    {   
        "book_id": "2",
        "details":{
            "book_name": "帝王非常道",
            "book_author":"李三平",
            "book_translator":"无",
            "book_subtitle":"帝王世界",
            "book_page":"65852",
            "book_publish_company":"黑潮科技传媒有限公司",
            "book_price":"400元",
            "book_binding":"000",
            "book_publish_year":"2020.02.02",
            "img":"/img/details.png",
            "rating":{
                "read":"9563",
                "collection":"7415",
                "pizhu":"5648",
                "comment":"3658",
                "score":"10",
                "max":"10"
            }
        },
        "short_comments":[
        {
            "img":"https://ss0.bdstatic.com/70cFuHSh_Q1YnxGkpoWK1HF6hhy/it/u=2870945999,1660704915&fm=26&gp=0.jpg",
            "title":"短标题一",
            "user":"北科一号",
            "short_comment_id":"001",
            "publish_date":"2019.01.01",
            "publish_time":"10.24",
            "abstruct":"千锋教育是互联网教育行业扛把子，在业界内有着良好的评价，万千学子通过这个平台，获得良好的就业前景，实现了人生价值。 千锋教育是互联网教育行业扛把子，在业界内有着良好的评价，万千学子通过这个平台，获得良好的就业前景，实现了人生价值。"     
        },
        {
            "img":"https://ss0.bdstatic.com/70cFuHSh_Q1YnxGkpoWK1HF6hhy/it/u=2359373386,3423991528&fm=26&gp=0.jpg",
            "title":"短标题二",
                "user":"北科二号",
            "short_comment_id":"002",
            "publish_date":"2019.02.02",
            "publish_time":"10.24",
            "abstruct":"千锋教育是互联网教育行业扛把子，在业界内有着良好的评价，万千学子通过这个平台，获得良好的就业前景，实现了人生价值。 千锋教育是互联网教育行业扛把子，在业界内有着良好的评价，万千学子通过这个平台，获得良好的就业前景，实现了人生价值。"
        },
        {
            "img":"https://ss3.bdstatic.com/70cFv8Sh_Q1YnxGkpoWK1HF6hhy/it/u=2996336771,1413798374&fm=26&gp=0.jpg",
            "title":"短标题三",
                "user":"北科三号",
            "short_comment_id":"003",
            "publish_date":"2019.03.03",
            "publish_time":"10.24",
            "abstruct":"千锋教育是互联网教育行业扛把子，在业界内有着良好的评价，万千学子通过这个平台，获得良好的就业前景，实现了人生价值。 千锋教育是互联网教育行业扛把子，在业界内有着良好的评价，万千学子通过这个平台，获得良好的就业前景，实现了人生价值。"
        }
        ],
        "book_intro": "穿越而来,她自带防毒雷达。哔哔一啥?姨娘凶狠,外加蛇蝎庶妹?哔哔一呀!包办婚姻,老公还看不上她?没关系，凭她超高智商,灭杀渣渣只在转瞬之间。绝色容颜,吸引狂蜂浪蝶无数，人气爆棚,神马皇帝亲王,都.各位书友要是觉得《绝色毒医王妃》还不错的话请不要忘记向您qq群和微博里的朋友推荐哦!穿越而来,她自带防毒雷达。哔哔一啥?姨娘凶狠,外加蛇蝎庶妹?哔哔一呀!包办婚姻,老公还看不上她?没关系，凭她超高智商,灭杀渣渣只在转瞬之间。绝色容颜,吸引狂蜂浪蝶无数，人气爆棚,神马皇帝亲王,都.各位书友要是觉得《绝色毒医王妃》还不错的话请不要忘记向您qq群和微博里的朋友推荐哦!穿越而来,她自带防毒雷达。哔哔一啥?姨娘凶狠,外加蛇蝎庶妹?哔哔一呀!包办婚姻,老公还看不上她?没关系，凭她超高智商,灭杀渣渣只在转瞬之间。绝色容颜,吸引狂蜂浪蝶无数，人气爆棚,神马皇帝亲王,都.各位书友要是觉得《绝色毒医王妃》还不错的话请不要忘记向您qq群和微博里的朋友推荐哦!",
        "author_detail": "作者用过有三个笔名。原笔名为Jassica ,后改为禾如,后改为是蓝花月(出版书的笔名)。超级宅女一枚,经常性喜新厌旧,属于三分钟热度人种,小宇宙爆发十分少见。金牛座,个性固执。粘液质,时而多言多笑，时而沉默寡言,面无表情。性情懒散,作息极度正常,非夜猫。爱说笑话,极冷,从不笑场，对方却捧腹大笑。非感性,却时常拽纸巾对着电脑屏幕大哭特哭。",
        "book_menu":[
        { "id": 0, "number": "第一章", "title": "前端发展史" },
        { "id": 1, "number": "第二章", "title": "前端发展史" },
        { "id": 2, "number": "第三章", "title": "前端发展史" },
        { "id": 3, "number": "第四章", "title": "前端发展史" },
        { "id": 4, "number": "第五章", "title": "前端发展史" },
        { "id": 5, "number": "第六章", "title": "前端发展史" },
        { "id": 6, "number": "第七章", "title": "前端发展史" },
        { "id": 7, "number": "第八章", "title": "前端发展史" },
        { "id": 8, "number": "第九章", "title": "前端发展史" },
        { "id": 9, "number": "第十章", "title": "前端发展史" },
        { "id": 10, "number": "第十一章", "title": "前端发展史" },
        { "id": 11, "number": "第十二章", "title": "前端发展史" },
        { "id": 12, "number": "第十三章", "title": "前端发展史" },
        { "id": 13, "number": "第十四章", "title": "前端发展史" },
        { "id": 14, "number": "第十五章", "title": "前端发展史" },
        { "id": 15, "number": "第十六章", "title": "前端发展史" },
        { "id": 16, "number": "第十七章", "title": "前端发展史" },
        { "id": 17, "number": "第十八章", "title": "前端发展史" },
        { "id": 18, "number": "第十九章", "title": "前端发展史" }
        ],
        "also_love":[
            {
                "id":"1",
                "img":"http://localhost:3000/home/introduce/static/media/alsolove.c669761e.png",
                "title":"少夫人要离婚"
            },
            {
                "id":"2",
                "img":"http://localhost:3000/home/introduce/static/media/alsolove.c669761e.png",
                "title":"王子变青蛙"
            },
            {
                "id":"3",
                "img":"http://localhost:3000/home/introduce/static/media/alsolove.c669761e.png",
                "title":"霸道总裁爱上我"
            },
            {
                "id":"4",
                "img":"http://localhost:3000/home/introduce/static/media/alsolove.c669761e.png",
                "title":"放羊的星星"
            }

        ],
        "long_comments":[
            {
                "img":"https://ss2.bdstatic.com/70cFvnSh_Q1YnxGkpoWK1HF6hhy/it/u=3491509579,1178158013&fm=26&gp=0.jpg",
                "title":"长标题一",
                "namlong_commentse":"千锋一号",
                "long_comment_id":"001",
                "publish_date":"2019.01.01",
                "publish_time":"10:24",
                "abstruct":
                "千锋教育是互联网教育行业扛把子，在业界内有着良好的评价，万千学子通过这个平台，获得良好的就业前景，实现了人生价值。 千锋教育是互联网教育行业扛把子，在业界内有着良好的评价，万千学子通过这个平台，获得良好的就业前景，实现了人生价值。"    
            },
            {
                "img":"https://ss3.bdstatic.com/70cFv8Sh_Q1YnxGkpoWK1HF6hhy/it/u=2188550829,170374158&fm=26&gp=0.jpg",
                "title":"长标题二",
                "name":"千锋二号",
                "long_comment_id":"002",
                "publish_date":"2019.02.02",
                "publish_time":"10:24",
                "abstruct":"千锋教育是互联网教育行业扛把子，在业界内有着良好的评价，万千学子通过这个平台，获得良好的就业前景，实现了人生价值。 千锋教育是互联网教育行业扛把子，在业界内有着良好的评价，万千学子通过这个平台，获得良好的就业前景，实现了人生价值。" 
            },
            {
                "img":"https://ss0.bdstatic.com/70cFvHSh_Q1YnxGkpoWK1HF6hhy/it/u=2381088286,2997834852&fm=26&gp=0.jpg",
                "title":"长标题三",
                "name":"千锋三号",
                "long_comment_id":"003",
                "publish_date":"2019.03.03",
            "publish_time":"10:24",
                "abstruct":"千锋教育是互联网教育行业扛把子，在业界内有着良好的评价，万千学子通过这个平台，获得良好的就业前景，实现了人生价值。 千锋教育是互联网教育行业扛把子，在业界内有着良好的评价，万千学子通过这个平台，获得良好的就业前景，实现了人生价值。"
            }
        ],
        "about_book":[
            {
                "press":"兴华书店出版社",
                "year":" 2006.02.03"
            },
            {
                "press":"新华书店出版社",
                "year":" 2009.12.13"
            },
            {
                "press":"清华大学出版社",
                "year":" 2014.09.27"
            },
            {
                "press":"北京大学出版社",
                "year":" 2019.11.15"
            },
            {
                "press":"千锋教育出版社",
                "year":" 2020.05.17"
            },
            {
                "press":"时代创新出版社",
                "year":" 2008.08.20"
            },
            {
                "press":"南方科技出版社",
                "year":" 2011.06.21"
            }
        ],
        "book_reading":[
            {
                "img":"https://ss1.bdstatic.com/70cFvXSh_Q1YnxGkpoWK1HF6hhy/it/u=3130796396,2668692117&fm=11&gp=0.jpg",
                "name":"前端一号"
            },
            {
                "img":"https://ss3.bdstatic.com/70cFv8Sh_Q1YnxGkpoWK1HF6hhy/it/u=528621949,1756328282&fm=11&gp=0.jpg",
                "name":"前端二号"
            },{
                "img":"https://ss2.bdstatic.com/70cFvnSh_Q1YnxGkpoWK1HF6hhy/it/u=3259386710,2380156492&fm=11&gp=0.jpg",
                "name":"前端三号"
            },
            {
                "img":"https://ss0.bdstatic.com/70cFvHSh_Q1YnxGkpoWK1HF6hhy/it/u=1308808993,2060597189&fm=26&gp=0.jpg",
                "name":"前端四号"
            }, {
                "img":"https://ss2.bdstatic.com/70cFvnSh_Q1YnxGkpoWK1HF6hhy/it/u=2972008604,1311542082&fm=26&gp=0.jpg",
                "name":"前端五号"
            },
            {
                "img":"https://ss2.bdstatic.com/70cFvnSh_Q1YnxGkpoWK1HF6hhy/it/u=3259386710,2380156492&fm=11&gp=0.jpg",
                "name":"前端六号"
            },
            {
                "img":"https://ss0.bdstatic.com/70cFvHSh_Q1YnxGkpoWK1HF6hhy/it/u=2762697048,4040207074&fm=11&gp=0.jpg",
                "name":"前端七号"
            }, {
                "img":"https://ss0.bdstatic.com/70cFuHSh_Q1YnxGkpoWK1HF6hhy/it/u=2780734162,1455108168&fm=26&gp=0.jpg",
                "name":"前端八号"
            },
            {
                "img":"https://ss2.bdstatic.com/70cFvnSh_Q1YnxGkpoWK1HF6hhy/it/u=3259386710,2380156492&fm=11&gp=0.jpg",
                "name":"前端九号"
            }
            
        ],
        "book_club":[
            {
                "img":"https://ss0.bdstatic.com/70cFvHSh_Q1YnxGkpoWK1HF6hhy/it/u=2105034188,3644419034&fm=26&gp=0.jpg",
                "name":"诗词大会"
            },
            {
                "img":"https://ss2.bdstatic.com/70cFvnSh_Q1YnxGkpoWK1HF6hhy/it/u=2964909518,1109275188&fm=26&gp=0.jpg",
                "name":"北京好故事"
            },
                {
                "img":"https://ss2.bdstatic.com/70cFvnSh_Q1YnxGkpoWK1HF6hhy/it/u=863355349,843074881&fm=26&gp=0.jpg",
                "name":"前端好声音"
            },
            {
                "img":"https://ss1.bdstatic.com/70cFvXSh_Q1YnxGkpoWK1HF6hhy/it/u=3130796396,2668692117&fm=11&gp=0.jpg",
                "name":"你最有才"
            }, {
                "img":"https://ss0.bdstatic.com/70cFvHSh_Q1YnxGkpoWK1HF6hhy/it/u=3423792428,2619868754&fm=26&gp=0.jpg",
                "name":"中华好故事"
            },
            {
                "img":"https://ss1.bdstatic.com/70cFvXSh_Q1YnxGkpoWK1HF6hhy/it/u=605148763,3473589336&fm=26&gp=0.jpg",
                "name":"前端风云"
            },
            {
                "img":"https://ss1.bdstatic.com/70cFvXSh_Q1YnxGkpoWK1HF6hhy/it/u=3130796396,2668692117&fm=11&gp=0.jpg",
                "name":"你最有才"
            }, {
                "img":"https://ss0.bdstatic.com/70cFvHSh_Q1YnxGkpoWK1HF6hhy/it/u=3423792428,2619868754&fm=26&gp=0.jpg",
                "name":"中华好故事"
            },
            {
                "img":"https://ss1.bdstatic.com/70cFvXSh_Q1YnxGkpoWK1HF6hhy/it/u=605148763,3473589336&fm=26&gp=0.jpg",
                "name":"前端风云"
            }
        ],
        "book_video":[
            {
                "img":"https://ss1.bdstatic.com/70cFvXSh_Q1YnxGkpoWK1HF6hhy/it/u=3896379459,782588978&fm=11&gp=0.jpg",
                "name":"毒医王妃第一部",
                "watch":"6895"
            },
            {
                "img":"https://ss0.bdstatic.com/70cFuHSh_Q1YnxGkpoWK1HF6hhy/it/u=1408348614,3626786324&fm=26&gp=0.jpg",
                "name":"复仇第二部",
                "watch":"9857"
            },
            {
                "img":"https://ss3.bdstatic.com/70cFv8Sh_Q1YnxGkpoWK1HF6hhy/it/u=3350189893,1765724280&fm=26&gp=0.jpg",
                "name":"冲破天际",
                "watch":"2547"
            },
            {
                "img":"https://ss0.bdstatic.com/70cFuHSh_Q1YnxGkpoWK1HF6hhy/it/u=3858084923,837977103&fm=11&gp=0.jpg",
                "name":"绝命追杀",
                "watch":"10327"
            },
            {
                "img":"https://ss2.bdstatic.com/70cFvnSh_Q1YnxGkpoWK1HF6hhy/it/u=3849794657,2185716535&fm=11&gp=0.jpg",
                "name":"丘比特执行",
                "watch":"4787"
            }
        ]
    }
]
 
    
