{
  "error_code": 0,
  "data": [{
    "bookTypeId": "001",
    "bookTypeName": "小说",
    "bookTypeNum":999,
    "asideECate": "novel",
    "sort":1,
    "show":true
  },
  {
    "bookTypeId": "002",
    "bookTypeName": "文艺",
    "bookTypeNum":666,
    "asideECate": "literature",
     "sort":2,
    "show":true
  },
  {
    "bookTypeId": "003",
    "bookTypeName": "青春",
    "bookTypeNum":1213,
    "asideECate": "novel",
    "sort":3,
    "show":true
  }
  ]
}