{
  "error_code": 0,
  "data": {
    "novel": [{
      "book_id": 1,
      "book_name": "毒医王妃",
      "book_info": "穿越而来，她自带防毒雷达。哔哔——啥？姨 外加蛇蝎庶妹哔哔——呀！包办婚姻，老公还看不上 系，凭她超高智商...",
      "book_img": "/img/index-list-1.png" ,
      "book_author":"作者",
      "book_date ":"2019-10-11",
      "book_publisher":"出版社",
      "book_binding":"装帧",
      "book_translator":"translator",
      "sort":1,
      "show":true,
      "book_price": 50
    },{
      "book_id": 2,
      "book_name": "帝王非常道",
      "book_info": "穿越而来，她自带防毒雷达。哔哔——啥？姨 外加蛇蝎庶妹哔哔——呀！包办婚姻，老公还看不上 系，凭她超高智商...",
      "book_img": "/img/index-list-2.png" ,
      "book_author":"作者",
      "book_date ":"2019-10-11",
      "book_publisher":"出版社",
      "book_binding":"装帧",
      "book_translator":"translator",
      "sort":1,
      "show":true,
      "book_price": 100
    },{
      "book_id": 3,
      "book_name": "议论文阅读",
      "book_info": "穿越而来，她自带防毒雷达。哔哔——啥？姨 外加蛇蝎庶妹哔哔——呀！包办婚姻，老公还看不上 系，凭她超高智商...",
      "book_img": "/img/index-list-3.png" ,
      "book_author":"作者",
      "book_date ":"2019-10-11",
      "book_publisher":"出版社",
      "book_binding":"装帧",
      "book_translator":"translator",
      "sort":1,
      "show":true,
      "book_price": 100
    },{
      "book_id": 4,
      "book_name": "城南旧事",
      "book_info": "穿越而来，她自带防毒雷达。哔哔——啥？姨 外加蛇蝎庶妹哔哔——呀！包办婚姻，老公还看不上 系，凭她超高智商...",
      "book_img": "/img/index-list-4.png" ,
      "book_author":"作者",
      "book_date ":"2019-10-11",
      "book_publisher":"出版社",
      "book_binding":"装帧",
      "book_translator":"translator",
      "sort":1,
      "show":true,
      "book_price": 150
    },{
      "book_id": 5,
      "book_name": "海的梦",
      "book_info": "穿越而来，她自带防毒雷达。哔哔——啥？姨 外加蛇蝎庶妹哔哔——呀！包办婚姻，老公还看不上 系，凭她超高智商...",
      "book_img": "/img/index-list-5.png" ,
      "book_author":"作者",
      "book_date ":"2019-10-11",
      "book_publisher":"出版社",
      "book_binding":"装帧",
      "book_translator":"translator",
      "sort":1,
      "show":true,
      "book_price": 150
    },{
      "book_id": 6, 
      "book_name": "只手遮天",
      "book_info": "穿越而来，她自带防毒雷达。哔哔——啥？姨 外加蛇蝎庶妹哔哔——呀！包办婚姻，老公还看不上 系，凭她超高智商...",
      "book_img": "/img/index-list-6.png" ,
      "book_author":"作者",
      "book_date ":"2019-10-11",
      "book_publisher":"出版社",
      "book_binding":"装帧",
      "book_translator":"translator",
      "sort":1,
      "show":true,
      "book_price": 100
    },
    {
      "book_id": 7,
      "book_name": "城南旧事",
      "book_info": "穿越而来，她自带防毒雷达。哔哔——啥？姨 外加蛇蝎庶妹哔哔——呀！包办婚姻，老公还看不上 系，凭她超高智商...",
      "book_img": "/img/index-list-4.png" ,
      "book_author":"作者",
      "book_date ":"2019-10-11",
      "book_publisher":"出版社",
      "book_binding":"装帧",
      "book_translator":"translator",
      "sort":1,
      "show":true,
      "book_price": 150
    },{
      "book_id": "8",
      "book_name": "海的梦",
      "book_info": "穿越而来，她自带防毒雷达。哔哔——啥？姨 外加蛇蝎庶妹哔哔——呀！包办婚姻，老公还看不上 系，凭她超高智商...",
      "book_img": "/img/index-list-5.png" ,
      "book_author":"作者",
      "book_date ":"2019-10-11",
      "book_publisher":"出版社",
      "book_binding":"装帧",
      "book_translator":"translator",
      "sort":1,
      "show":true,
      "book_price": 150
    },{
      "book_id": 9,
      "book_name": "毒医王妃",
      "book_info": "穿越而来，她自带防毒雷达。哔哔——啥？姨 外加蛇蝎庶妹哔哔——呀！包办婚姻，老公还看不上 系，凭她超高智商...",
      "book_img": "/img/index-list-1.png" ,
      "book_author":"作者",
      "book_date ":"2019-10-11",
      "book_publisher":"出版社",
      "book_binding":"装帧",
      "book_translator":"translator",
      "sort":1,
      "show":true,
      "book_price": 50
    },{
      "book_id": 10,
      "book_name": "帝王非常道",
      "book_info": "穿越而来，她自带防毒雷达。哔哔——啥？姨 外加蛇蝎庶妹哔哔——呀！包办婚姻，老公还看不上 系，凭她超高智商...",
      "book_img": "/img/index-list-2.png" ,
      "book_author":"作者",
      "book_date ":"2019-10-11",
      "book_publisher":"出版社",
      "book_binding":"装帧",
      "book_translator":"translator",
      "sort":1,
      "show":true,
      "book_price": 100
    },
    {
      "book_id": 11,
      "book_name": "城南旧事",
      "book_info": "穿越而来，她自带防毒雷达。哔哔——啥？姨 外加蛇蝎庶妹哔哔——呀！包办婚姻，老公还看不上 系，凭她超高智商...",
      "book_img": "/img/index-list-4.png" ,
      "book_author":"作者",
      "book_date ":"2019-10-11",
      "book_publisher":"出版社",
      "book_binding":"装帧",
      "book_translator":"translator",
      "sort":1,
      "show":true,
      "book_price": 150
    },{
      "book_id": 12,
      "book_name": "海的梦",
      "book_info": "穿越而来，她自带防毒雷达。哔哔——啥？姨 外加蛇蝎庶妹哔哔——呀！包办婚姻，老公还看不上 系，凭她超高智商...",
      "book_img": "/img/index-list-5.png" ,
      "book_author":"作者",
      "book_date ":"2019-10-11",
      "book_publisher":"出版社",
      "book_binding":"装帧",
      "book_translator":"translator",
      "sort":1,
      "show":true,
      "book_price": 150
    },{
      "book_id": 13,
      "book_name": "毒医王妃",
      "book_info": "穿越而来，她自带防毒雷达。哔哔——啥？姨 外加蛇蝎庶妹哔哔——呀！包办婚姻，老公还看不上 系，凭她超高智商...",
      "book_img": "/img/index-list-1.png" ,
      "book_author":"作者",
      "book_date ":"2019-10-11",
      "book_publisher":"出版社",
      "book_binding":"装帧",
      "book_translator":"translator",
      "sort":1,
      "show":true,
      "book_price": 50
    },{
      "book_id": 14,
      "book_name": "帝王非常道",
      "book_info": "穿越而来，她自带防毒雷达。哔哔——啥？姨 外加蛇蝎庶妹哔哔——呀！包办婚姻，老公还看不上 系，凭她超高智商...",
      "book_img": "/img/index-list-2.png" ,
      "book_author":"作者",
      "book_date ":"2019-10-11",
      "book_publisher":"出版社",
      "book_binding":"装帧",
      "book_translator":"translator",
      "sort":1,
      "show":true,
      "book_price": 100
    }
    ],
    "literature": [
      {
        "book_id": 3,
        "book_name": "议论文阅读",
        "book_info": "穿越而来，她自带防毒雷达。哔哔——啥？姨 外加蛇蝎庶妹哔哔——呀！包办婚姻，老公还看不上 系，凭她超高智商...",
        "book_img": "/img/index-list-3.png" ,
        "book_author":"作者",
        "book_date ":"2019-10-11",
        "book_publisher":"出版社",
        "book_binding":"装帧",
        "book_translator":"translator",
        "sort":1,
        "show":true,
        "book_price": 100
      },{
        "book_id": 4,
        "book_name": "城南旧事",
        "book_info": "穿越而来，她自带防毒雷达。哔哔——啥？姨 外加蛇蝎庶妹哔哔——呀！包办婚姻，老公还看不上 系，凭她超高智商...",
        "book_img": "/img/index-list-4.png" ,
        "book_author":"作者",
        "book_date ":"2019-10-11",
        "book_publisher":"出版社",
        "book_binding":"装帧",
        "book_translator":"translator",
        "sort":1,
        "show":true,
        "book_price": 150
      },{
        "book_id": 5,
        "book_name": "海的梦",
        "book_info": "穿越而来，她自带防毒雷达。哔哔——啥？姨 外加蛇蝎庶妹哔哔——呀！包办婚姻，老公还看不上 系，凭她超高智商...",
        "book_img": "/img/index-list-5.png" ,
        "book_author":"作者",
        "book_date ":"2019-10-11",
        "book_publisher":"出版社",
        "book_binding":"装帧",
        "book_translator":"translator",
        "sort":1,
        "show":true,
        "book_price": 150
      },{
        "book_id": 6, 
        "book_name": "只手遮天",
        "book_info": "穿越而来，她自带防毒雷达。哔哔——啥？姨 外加蛇蝎庶妹哔哔——呀！包办婚姻，老公还看不上 系，凭她超高智商...",
        "book_img": "/img/index-list-6.png" ,
        "book_author":"作者",
        "book_date ":"2019-10-11",
        "book_publisher":"出版社",
        "book_binding":"装帧",
        "book_translator":"translator",
        "sort":1,
        "show":true,
        "book_price": 100
      },
      {
        "book_id": 7,
        "book_name": "城南旧事",
        "book_info": "穿越而来，她自带防毒雷达。哔哔——啥？姨 外加蛇蝎庶妹哔哔——呀！包办婚姻，老公还看不上 系，凭她超高智商...",
        "book_img": "/img/index-list-4.png" ,
        "book_author":"作者",
        "book_date ":"2019-10-11",
        "book_publisher":"出版社",
        "book_binding":"装帧",
        "book_translator":"translator",
        "sort":1,
        "show":true,
        "book_price": 150
      },{
        "book_id": "8",
        "book_name": "海的梦",
        "book_info": "穿越而来，她自带防毒雷达。哔哔——啥？姨 外加蛇蝎庶妹哔哔——呀！包办婚姻，老公还看不上 系，凭她超高智商...",
        "book_img": "/img/index-list-5.png" ,
        "book_author":"作者",
        "book_date ":"2019-10-11",
        "book_publisher":"出版社",
        "book_binding":"装帧",
        "book_translator":"translator",
        "sort":1,
        "show":true,
        "book_price": 150
      },{
        "book_id": 9,
        "book_name": "毒医王妃",
        "book_info": "穿越而来，她自带防毒雷达。哔哔——啥？姨 外加蛇蝎庶妹哔哔——呀！包办婚姻，老公还看不上 系，凭她超高智商...",
        "book_img": "/img/index-list-1.png" ,
        "book_author":"作者",
        "book_date ":"2019-10-11",
        "book_publisher":"出版社",
        "book_binding":"装帧",
        "book_translator":"translator",
        "sort":1,
        "show":true,
        "book_price": 50
      },{
        "book_id": 10,
        "book_name": "帝王非常道",
        "book_info": "穿越而来，她自带防毒雷达。哔哔——啥？姨 外加蛇蝎庶妹哔哔——呀！包办婚姻，老公还看不上 系，凭她超高智商...",
        "book_img": "/img/index-list-2.png" ,
        "book_author":"作者",
        "book_date ":"2019-10-11",
        "book_publisher":"出版社",
        "book_binding":"装帧",
        "book_translator":"translator",
        "sort":1,
        "show":true,
        "book_price": 100
      },
      {
        "book_id": 11,
        "book_name": "城南旧事",
        "book_info": "穿越而来，她自带防毒雷达。哔哔——啥？姨 外加蛇蝎庶妹哔哔——呀！包办婚姻，老公还看不上 系，凭她超高智商...",
        "book_img": "/img/index-list-4.png" ,
        "book_author":"作者",
        "book_date ":"2019-10-11",
        "book_publisher":"出版社",
        "book_binding":"装帧",
        "book_translator":"translator",
        "sort":1,
        "show":true,
        "book_price": 150
      },{
        "book_id": 12,
        "book_name": "海的梦",
        "book_info": "穿越而来，她自带防毒雷达。哔哔——啥？姨 外加蛇蝎庶妹哔哔——呀！包办婚姻，老公还看不上 系，凭她超高智商...",
        "book_img": "/img/index-list-5.png" ,
        "book_author":"作者",
        "book_date ":"2019-10-11",
        "book_publisher":"出版社",
        "book_binding":"装帧",
        "book_translator":"translator",
        "sort":1,
        "show":true,
        "book_price": 150
      },{
        "book_id": 13,
        "book_name": "毒医王妃",
        "book_info": "穿越而来，她自带防毒雷达。哔哔——啥？姨 外加蛇蝎庶妹哔哔——呀！包办婚姻，老公还看不上 系，凭她超高智商...",
        "book_img": "/img/index-list-1.png" ,
        "book_author":"作者",
        "book_date ":"2019-10-11",
        "book_publisher":"出版社",
        "book_binding":"装帧",
        "book_translator":"translator",
        "sort":1,
        "show":true,
        "book_price": 50
      },{
        "book_id": 14,
        "book_name": "帝王非常道",
        "book_info": "穿越而来，她自带防毒雷达。哔哔——啥？姨 外加蛇蝎庶妹哔哔——呀！包办婚姻，老公还看不上 系，凭她超高智商...",
        "book_img": "/img/index-list-2.png" ,
        "book_author":"作者",
        "book_date ":"2019-10-11",
        "book_publisher":"出版社",
        "book_binding":"装帧",
        "book_translator":"translator",
        "sort":1,
        "show":true,
        "book_price": 100
      }
    ]
  
  },
  "page_now":0,
  "all_books":999,
  "page_num":6
}