{
    "library":[
        { "library":"北京图书馆",
            "id":"01",
            "libraryPic":"https://i.loli.net/2020/11/14/hTm7W2pzFkcyoCf.jpg",
            "libraryImg":"https://i.loli.net/2020/11/14/hTm7W2pzFkcyoCf.jpg",
            "introduce":" 首都图书馆是北京最大的一座公共图书馆，也是北京市公共图书馆系统中的中心图书馆。首都图书馆新馆位于北京市朝阳区东南三环华威桥东侧，于2001年5月开馆。2012年3月，藏书达到600万册，尤以古籍善本、地方文献、近代书报最富特色。图书馆365天开放，日常的开放时间为早9点至晚19:30。图书馆提供了丰富的讲座等读者活动，以及面向儿童的资源和服务。 ",
            "content":[
                {
                   "title": "馆藏资源",
                   "content": "据2018年9月该图书馆官网信息显示，首都图书馆藏各类文献逾845万册（件）。其中，古籍近50万册（件） 善本600"
                },
                {
                   "title": "珍藏古籍",
                   "content": "据2018年9月该图书馆官网信息显示，首都图书馆收藏有古籍近50万册（件），其中善本5200余种，67000余册。首都图书馆特甄选馆藏珍善本古籍加以数字化，并辅以详细书目数据建成《馆藏古籍珍善本图像数据数据库所收古籍，均为入选《国家珍贵古籍名录》的珍贵古籍和馆藏特色文献。148种珍贵古籍入选前五批《国家珍贵古籍名录》，包括《阿毗达摩顺正理论》《毗庐大藏》《大方广佛华严经疏》《摩诃般若波罗密经《古史》60卷、《晦庵先生朱文公行状》2卷、《资治通鉴》294卷、《通鉴释文辨误》12卷、《通鉴总类》、《唐律疏议》30卷、《纂例》12卷等珍贵古籍。"
                },
                {
                   "title": "地方文章",
                   "content": "据2018年9月该图书馆官网信息显示，首都图书馆拥有地方文献藏品12785种、27868册（件），其中图书5307种、17331册。内容包含方志、正史、科学论著、考察报告、文件汇编、纪念专刊以及杂述杂纂、笔记日记等。"
                },
                {
                   "title": "数字资源",
                   "content": " 据2018年9月该图书馆官网信息显示，首都图书馆已拥有中文普通图书、英文图书、电子文献、中外文报刊、 北京地方文献等"
                },
                {
                   "title": "支撑保障",
                   "content": " 首都图书馆设有古籍保护中心承担着数字文献资源的加工收藏与服务，组织古籍保护工作，开展古籍普查登 古籍修复培训和古籍保"
                }
             ],
             "url":"https://library.sh.cn"
        },
        { "library":"上海图书馆",
            "id":"02",
            "libraryPic":"https://i.loli.net/2020/11/14/BEOo9Zex67VQlmI.jpg",
            "libraryImg":"https://i.loli.net/2020/11/14/BEOo9Zex67VQlmI.jpg",
            "introduce":"上海图书馆位于上海市徐汇区淮海中路，是上海市综合性研究型公共图书馆和行业情报中心，也是全国文化信息资源共享工程上海市分中心、文化部公共文化研究基地，是首批国家重点古籍保护单位。 上海图书馆创立于1952年，上海科学技术情报研究所成立于1958年，1995年上海图书馆与上海科学技术情报研究所合并，1996年12月上海图书馆新馆正式对外开放。 ",
            "content":[
                {
                   "title": "馆藏资源",
                   "content": "截至2015年底，上海图书馆藏有中外文献5500余万册（件），其中中文古籍线装书约170万余册，善本2.5万种17万册，属国家一、二级藏品2256种13526册，中文期刊19915种，上海地方文献共8454册，上海历史图片21429张。"
                },
                {
                   "title": "珍藏古籍",
                   "content": "截至2015年底，上海图书馆藏有中文古籍线装书约170万余册，善本2.5万种17万册，属国家一、二级藏品2256种13526册。其中包含有《北西厢记》《禅宗永明集》《船子和尚拨棹歌》《春秋经传集解》《鼎新图像虫经》等。"
                },
                {
                   "title": "地方文章",
                   "content": "截至2015年底，上海图书馆藏有1985年以后出版的上海主题的文献共8454册，上海历史图片21429张。"
                },
                {
                   "title": "数字资源",
                   "content": " 据2018年10月该图书馆官网信息显示，图书馆共有数据库539个，其中订购数据库196个，自建数据库10个。其中，包括中国历史人物传记资源库、清华同方期刊全文数据库、万方中国学位论文全文数据库、维普中文科技期刊数据库、读秀、库客数字音乐图书馆等。"
                },
                {
                   "title": "支撑保障",
                   "content": " 据2018年10月该图书馆官网信息显示，上海图书馆通过《上图专递》、《竞争情报》、“第i情报”和媒体测评等高层次研究性情报服务项目，为城市发展等领域提供多种决策参考信息。"
                }
             ],
             "url":"http://www.nlc.cn"
         } ,
         { "library":"广州图书馆",
            "id":"03",
            "libraryPic":"https://i.loli.net/2020/11/14/JMixY8lLUeaVSp3.jpg",
            "libraryImg":"https://i.loli.net/2020/11/14/JMixY8lLUeaVSp3.jpg",
            "introduce":" 广州图书馆位于广州市珠江东路，是广州的文化窗口，2018年被中华人民共和国文化和旅游部评定为国家一级图书馆，2016年广东省人民政府公布该图书馆为广东省古籍重点保护单位。广州图书馆的前身是1933年10月建成的市立中山图书馆；1938年广州沦陷，图书馆停办；1949年改称广州市立中山图书馆；广州解放后，称为广州中山图书馆；1955年，省、市两馆合并为广东省中山图书馆，原广州市立中山图书馆馆址改为广东省中山图书馆北馆，称孙中山文献馆；1980年12月，广州市委办公会议决定筹建广州图书馆。 ",
            "content":[
                {
                   "title": "馆藏资源",
                   "content": "截至2017年12月，广州图书馆收藏有纸质文献资源843.3万册（件），其中古籍13683册（件），视听文献701218件（册），缩微制品51件；数字信息资源库32个。"
                },
                {
                   "title": "珍藏古籍",
                   "content": "截至2017年12月，广州图书馆收藏有古籍文献13683册（件），其中包含有《中华再造善本总目提要》、《天潢玉牒·彩绘南外天源赵氏宗谱：福建永春：十卷》、《周景良先生书简》、《御制盛京赋》、《清乾隆御览四色抄本戏曲两种》等。"
                },
                {
                   "title": "地方文章",
                   "content": "据2018年11月该图书馆官网信息显示，广州图书馆收藏的地方文献包括《广州大典》数据库、广东历史文献书目数据库、广州市地方志联合目录检索、广州人物数据库、粤睇粤精彩、广州人文数字图书馆、中国政府公开信息整合服务平台·广州站；内容包含了广州地方志541种，广州政治、经济、文化、民生，突出广州特色的信息资源50万种，广州文化遗产资料等内容。"
                },
                {
                   "title": "数字资源",
                   "content": " 截至2017年12月，广州图书馆收藏有数字信息资源库32个。其中包含有中国知网（CNKI）、万方数据、读秀学术搜索、FirstSearch Base Package、万方中小学数字图书馆等。据2018年11月该图书馆官网信息显示，广州图书馆收藏的主题资源库有中宏城市比较分析系统、职业全能培训库、国务院发展研究中心信息网、银符考试模拟题库、“一带一路”数据库、皮书数据库、E线图情。"
                },
                {
                   "title": "支撑保障",
                   "content": " 截至2017年12月，广州图书馆实现了藏、借、阅、咨一体化；开通了无线射频识别技术（RFID）、文献自动分拣系统、自助服务设备、广州数字图书馆、微信、移动图书馆（APP）、24小时自助图书馆等现代化服务；开通分馆数量17个，24小时自助图书馆数量7个，流动图书馆服务点数量20个。"
                }
             ],
             "url":"http://www.gzlib.org.cn"
         } , 
         { "library":"太原图书馆",
            "id":"04",
            "libraryPic":"https://i.loli.net/2020/11/14/z32VZBkYqTsGI1Q.jpg",
            "libraryImg":"https://i.loli.net/2020/11/14/z32VZBkYqTsGI1Q.jpg",
            "introduce":" 太原市图书馆位于太原市滨河西路，是全国文化工作先进集体、全民阅读示范基地，是国家地市级一级图书馆。太原市图书馆前身是太原市第一区人民文化馆图书馆，1953年10月批准成立，1954年1月太原市图书馆正式对外开放；1996年图书馆扩建，2001年9月正式对外开放；2014年4月旧馆进行全面改扩建，2017年10月，新馆建成正式对外开放。截至2018年12月，太原市图书馆占地面积20000平方米，总面积5.6万平方米，有阅览座席3616个，设有21个机构部门，在编人员176 人；图书馆藏书总量达153万册（件），其中古籍文献9.4万册，报刊12.7万册，视听文献4.7万件、套；数字资源总藏量达304.88TB。 ",
            "content":[
                {
                   "title": "馆藏资源",
                   "content": "截至2018年12月，太原市图书馆藏书总量达153万册（件），其中普通图书126.7万册，古籍文献9.4万册，报刊12.7万册，视听文献4.7万件、套；数字资源总藏量达304.88TB。"
                },
                {
                   "title": "珍藏古籍",
                   "content": "据2020年2月该图书馆官网信息显示，太原市图书馆藏有《四库全书》《续修四库全书》《毛泽东点评二十四史》《唐书二百二十五卷 （宋）》《对类二十卷 明刻本》《[康熙] 阳曲县志十四卷首一卷 （清）》《[雍正] 太原县志十六卷 （清）》《楚辞类楚辞集注八卷（後语辩证）》等。"
                },
                {
                   "title": "地方文章",
                   "content": "据2020年2月该图书馆官网信息显示，太原市图书馆专题文献的收藏始于2002年，以收藏太原本地特色文献为宗旨。收藏有各类专题文献资料155996册（件），其中收藏全国县以上地方志数量达6198册。设有中国方志馆、地方人文馆、晋版文献馆、诗词文献馆、特色文献馆、港台文献馆、建筑文献馆7个专题文献阅览室。"
                },
                {
                   "title": "数字资源",
                   "content": " 截至2018年12月，太原市图书馆收藏数字资源总藏量达304.88TB，数据库有42个，其中自建数字文献数据库有2个，外购特色数字文献数据库13个，包含有中华再造善本数据库、万方地方志服务系统、民国时期文献总库·民国图书数据库、中国历史人物数据库、易趣少年动画馆、维普科技期刊、畅想之星电子书、中国知网学术期刊（社科类）等。"
                },
                {
                   "title": "支撑保障",
                   "content": " 据2020年2月该图书馆官网信息显示，太原市图书馆全年365天免费对外开放，实行全开放服务模式，外借文献开放管理，共有60个供读者阅读学习、鉴赏交流服务的区域。图书馆已经开通RFID无线射频技术和无线网络全覆盖，搭建数字图书馆平台，为读者提供远程文献查询阅览、数字体验鉴赏、自助借还等智能便利的服务。同时，开通网络、微信服务平台，实现所有服务信息化。还设置馆内馆外24小时自助图书馆及延时服务咖啡书吧和茶书吧。"
                }
             ],
             "url":"http://www.tylib.org"
         } ,
         { "library":"西安图书馆",
            "id":"05",
            "libraryPic":"https://i.loli.net/2020/11/14/fDdkCiRT9ZYvUFV.jpg",
            "libraryImg":"https://i.loli.net/2020/11/14/fDdkCiRT9ZYvUFV.jpg",
            "introduce":" 西安图书馆是西安市人民政府兴办的综合性公共图书馆，是面向社会，为广大市民服务的公益性文化基础设施。1996年由西安市政府立项，2000年10月26日正式开馆接待读者，2013年被文化部评为“国家二级图书馆”。西安图书馆是共青团西安市委授予青少年法制维权基地、是西安市委宣传部授予未成年人思想道德建设爱国主义教育基地，是西安市社会科学界联合会、西安市社会科学院西安市社会科学普及示范基地。据2019年7月该图书馆官网显示，西安图书馆总占地面积3万平方米，建筑面积1.5万平方米；拥有各类文献资源429万册、件。 ",
            "content":[
                {
                   "title": "馆藏资源",
                   "content": "据2019年7月该图书馆官网显示，西安图书馆有各类文献资源429万册、件；开通了西安非物质文化遗产、“天禄讲坛”在线、西安地方特色自建数据库、中国知识资源总库(CNKI)、方正Apabi数字图书馆、博看报刊数据、新东方多媒体学习库、超星系列数据库、万方数据知识服务平台等多个数据库。"
                },
                {
                   "title": "珍藏古籍",
                   "content": "截至2015年底，西安图书馆馆藏文献中有古籍线装书385册，善本65册。包括《潜确类书》、《绥寇纪略十二卷》和《三辅黄图》等珍贵古籍。"
                },
                {
                   "title": "地方文章",
                   "content": "截至2015年底，西安图书馆馆藏文献中有西安市各个历史时期的地方志、谱牒等地方文献。"
                },
                {
                   "title": "数字资源",
                   "content": " 据2018年10月该图书馆官网信息显示，图书馆共有数据库539个，其中订购数据库196个，自建数据库10个。其中，包括中国历史人物传记资源库、清华同方期刊全文数据库、万方中国学位论文全文数据库、维普中文科技期刊数据库、读秀、库客数字音乐图书馆等。"
                },
                {
                   "title": "支撑保障",
                   "content": " 据2019年7月该图书馆官网显示，西安图书馆开通了自助借还系统（RFID）、公共书目查询系统（OPAC）、自助借还系统（RFID）移动数字阅读平台、阅读西安APP和“西安图书馆”微信公众号。"
                }
             ],
             "url":"http://www.xalib.org.cn"
         } ,
         { "library":"青岛图书馆",
            "id":"06",
            

            "libraryPic":"https://i.loli.net/2020/11/14/z4Z3Umresxv52jP.jpg",
            "libraryImg":"https://i.loli.net/2020/11/14/z4Z3Umresxv52jP.jpg",
            "introduce":"青岛市图书馆是青岛市属大型公共图书馆，是青岛市重要的知识性信息枢纽和精神文明建设基地，也是为各级党政机关、企事业团体的科学决策提供服务的公益性、学术性服务机构。青岛市图书馆前身是1924年建立的胶澳商埠公立通俗图书馆。青岛市图书馆现藏书246万册。其中古籍15万余册；中文普通图书176万册；期刊25万册；民国出版物3万余册；地方文献2万册；外文文献15万册，其中日、德占时期文献资料3万余册。现有工作人员104名，设13个部门：办公室、采编部、外借部、报刊部、阅览部、外文部、特藏部、少儿部、网络技术中心、社会工作部、后勤服务中心、读者发展部、辅导部。 ",
            "content":[
                {
                   "title": "馆藏资源",
                   "content": "青岛市图书馆馆藏书约123万册。其中古籍15万余册；报纸期刊26万册；民国出版物3万余册；地方文献1.5万册；外文文献10万册，其中日、德占时期文献资料3万余册；中文普通图书64万册。"
                },
                {
                   "title": "珍藏古籍",
                   "content": "截至2016年12月，该图书馆馆藏古籍总计334730册，其中经部46526册，史部86045册，子部40757册，集部61482册，丛部56074册，新学1087册，地方志5742册，大藏经12231册；善本24786册。包括影印古籍文渊阁《四库全书》、《续修四库全书》、《四库全书存目丛书》、《四库未收书辑刊》；二十四史系列丛书：百衲本《二十四史》、《毛泽东评点二十四史》、《二十四史全译》。《乾隆大藏经》、《故宫珍本丛刊》等。"
                },
                {
                   "title": "地方文章",
                   "content": "据2018年11月该图书馆官网信息显示，该图书馆收藏的地方文献有地方报纸合订本570多种、1.3万余册，期刊600多种、合订本4000余册，图书2万多册，都为1949年后的文献，以各种方志、家谱、统计年鉴、党史资料、地方报刊等方面的资料居多。"
                },
                {
                   "title": "数字资源",
                   "content": " 据2018年11月该图书馆官网信息显示，图书馆共有数字资源数据库60个，其中自建数据8个，外购数据库11个；其中外购数据库包含有读秀学术搜索数据库、清华同方全文期刊数据库、维普全文期刊数据库、万方全文期刊数据库、国研网全文数据库等；自建数据库包含馆藏中文图书全文数据库、ilas书目数据库、中州文化揽胜数据库、大成老旧刊全文数据库、新农村致富之路数据库、地方戏曲数据库等。"
                },
                {
                   "title": "支撑保障",
                   "content": " 据2018年11月该图书馆官网信息显示，该图书馆已经开通网站、微信、微博、OPAC检索、数字图书馆、移动图书馆、24小时自助图书馆、流通站等现代化服务。"
                }
             ],
             "url":"http://www.qdlib.net"
         } 
    ]
       
    
}