{
    "book_id":"1",
    "long_comments":[
        {
            "title":"长标题一",
            "namlong_commentse":"千锋一号",
            "long_comment_id":"001",
            "publish_date":"2019.01.01",
            "publish_time":"10:24",
            "abstruct":
            "千锋教育是互联网教育行业扛把子，在业界内有着良好的评价，万千学子通过这个平台，获得良好的就业前景，实现了人生价值。 千锋教育是互联网教育行业扛把子，在业界内有着良好的评价，万千学子通过这个平台，获得良好的就业前景，实现了人生价值。"    
        },
        {
            "title":"长标题二",
            "name":"千锋二号",
            "long_comment_id":"002",
            "publish_date":"2019.02.02",
            "publish_time":"10:24",
            "abstruct":"千锋教育是互联网教育行业扛把子，在业界内有着良好的评价，万千学子通过这个平台，获得良好的就业前景，实现了人生价值。 千锋教育是互联网教育行业扛把子，在业界内有着良好的评价，万千学子通过这个平台，获得良好的就业前景，实现了人生价值。" 
        },
        {
            "title":"长标题三",
            "name":"千锋三号",
            "long_comment_id":"003",
            "publish_date":"2019.03.03",
           "publish_time":"10:24",
            "abstruct":"千锋教育是互联网教育行业扛把子，在业界内有着良好的评价，万千学子通过这个平台，获得良好的就业前景，实现了人生价值。 千锋教育是互联网教育行业扛把子，在业界内有着良好的评价，万千学子通过这个平台，获得良好的就业前景，实现了人生价值。"
        },
        {
            "title":"短标题四",
            "name":"千锋四号",
            "short_comment_id":"004",
            "publish_date":"2019.04.04",
           "publish_time":"10:24",
            "abstruct":"千锋教育是互联网教育行业扛把子，在业界内有着良好的评价，万千学子通过这个平台，获得良好的就业前景，实现了人生价值。 千锋教育是互联网教育行业扛把子，在业界内有着良好的评价，万千学子通过这个平台，获得良好的就业前景，实现了人生价值。"
        },
        {
            "title":"短标题五",
            "name":"千锋五号",
            "short_comment_id":"005",
            "publish_date":"2019.05.05",
           "publish_time":"10:24",
            "abstruct":"千锋教育是互联网教育行业扛把子，在业界内有着良好的评价，万千学子通过这个平台，获得良好的就业前景，实现了人生价值。 千锋教育是互联网教育行业扛把子，在业界内有着良好的评价，万千学子通过这个平台，获得良好的就业前景，实现了人生价值。"
        },
        {
            "title":"短标题六",
            "name":"千锋六号",
            "short_comment_id":"006",
            "publish_date":"2019.06.06",
           "publish_time":"10:24",
            "abstruct":"千锋教育是互联网教育行业扛把子，在业界内有着良好的评价，万千学子通过这个平台，获得良好的就业前景，实现了人生价值。 千锋教育是互联网教育行业扛把子，在业界内有着良好的评价，万千学子通过这个平台，获得良好的就业前景，实现了人生价值。"
        },
        {
            "title":"短标题七",
            "name":"千锋七号",
            "short_comment_id":"007",
            "publish_date":"2019.07.07",
           "publish_time":"10:24",
            "abstruct":"千锋教育是互联网教育行业扛把子，在业界内有着良好的评价，万千学子通过这个平台，获得良好的就业前景，实现了人生价值。 千锋教育是互联网教育行业扛把子，在业界内有着良好的评价，万千学子通过这个平台，获得良好的就业前景，实现了人生价值。"
        },
        {
            "title":"短标题八",
            "name":"千锋八号",
            "short_comment_id":"008",
            "publish_date":"2019.08.08",
           "publish_time":"10:24",
            "abstruct":"千锋教育是互联网教育行业扛把子，在业界内有着良好的评价，万千学子通过这个平台，获得良好的就业前景，实现了人生价值。 千锋教育是互联网教育行业扛把子，在业界内有着良好的评价，万千学子通过这个平台，获得良好的就业前景，实现了人生价值。"
        },
        {
            "title":"短标题九",
            "name":"千锋九号",
            "short_comment_id":"009",
            "publish_date":"2019.09.09",
           "publish_time":"10:24",
            "abstruct":"千锋教育是互联网教育行业扛把子，在业界内有着良好的评价，万千学子通过这个平台，获得良好的就业前景，实现了人生价值。 千锋教育是互联网教育行业扛把子，在业界内有着良好的评价，万千学子通过这个平台，获得良好的就业前景，实现了人生价值。"
        },
        {
            "title":"短标题十",
            "name":"千锋十号",
            "short_comment_id":"010",
            "publish_date":"2019.10.10",
           "publish_time":"10:24",
            "abstruct":"千锋教育是互联网教育行业扛把子，在业界内有着良好的评价，万千学子通过这个平台，获得良好的就业前景，实现了人生价值。 千锋教育是互联网教育行业扛把子，在业界内有着良好的评价，万千学子通过这个平台，获得良好的就业前景，实现了人生价值。"
        },{
            "title":"短标题十一",
            "name":"千锋十一号",
            "short_comment_id":"011",
            "publish_date":"2019.11.11",
           "publish_time":"10:24",
            "abstruct":"千锋教育是互联网教育行业扛把子，在业界内有着良好的评价，万千学子通过这个平台，获得良好的就业前景，实现了人生价值。 千锋教育是互联网教育行业扛把子，在业界内有着良好的评价，万千学子通过这个平台，获得良好的就业前景，实现了人生价值。"
        }
        ,{
            "title":"短标题十二",
            "name":"千锋十二号",
            "short_comment_id":"012",
            "publish_date":"2019.12.12",
           "publish_time":"10:24",
            "abstruct":"千锋教育是互联网教育行业扛把子，在业界内有着良好的评价，万千学子通过这个平台，获得良好的就业前景，实现了人生价值。 千锋教育是互联网教育行业扛把子，在业界内有着良好的评价，万千学子通过这个平台，获得良好的就业前景，实现了人生价值。"
        }
        ,
        {
            "title":"短标题十三",
            "name":"千锋十三号",
            "short_comment_id":"013",
            "publish_date":"2019.13.13",
           "publish_time":"10:24",
            "abstruct":"千锋教育是互联网教育行业扛把子，在业界内有着良好的评价，万千学子通过这个平台，获得良好的就业前景，实现了人生价值。 千锋教育是互联网教育行业扛把子，在业界内有着良好的评价，万千学子通过这个平台，获得良好的就业前景，实现了人生价值。"
        },
        {
            "title":"短标题十四",
            "name":"千锋十三号",
            "short_comment_id":"014",
            "publish_date":"2019.13.13",
           "publish_time":"10:24",
            "abstruct":"千锋教育是互联网教育行业扛把子，在业界内有着良好的评价，万千学子通过这个平台，获得良好的就业前景，实现了人生价值。 千锋教育是互联网教育行业扛把子，在业界内有着良好的评价，万千学子通过这个平台，获得良好的就业前景，实现了人生价值。"
        },
        {
            "title":"短标题十三",
            "name":"千锋十三号",
            "short_comment_id":"015",
            "publish_date":"2019.13.13",
           "publish_time":"10:24",
            "abstruct":"千锋教育是互联网教育行业扛把子，在业界内有着良好的评价，万千学子通过这个平台，获得良好的就业前景，实现了人生价值。 千锋教育是互联网教育行业扛把子，在业界内有着良好的评价，万千学子通过这个平台，获得良好的就业前景，实现了人生价值。"
        },
        {
            "title":"短标题十三",
            "name":"千锋十三号",
            "short_comment_id":"016",
            "publish_date":"2019.13.13",
           "publish_time":"10:24",
            "abstruct":"千锋教育是互联网教育行业扛把子，在业界内有着良好的评价，万千学子通过这个平台，获得良好的就业前景，实现了人生价值。 千锋教育是互联网教育行业扛把子，在业界内有着良好的评价，万千学子通过这个平台，获得良好的就业前景，实现了人生价值。"
        },
        {
            "title":"短标题十三",
            "name":"千锋十三号",
            "short_comment_id":"017",
            "publish_date":"2019.13.13",
           "publish_time":"10:24",
            "abstruct":"千锋教育是互联网教育行业扛把子，在业界内有着良好的评价，万千学子通过这个平台，获得良好的就业前景，实现了人生价值。 千锋教育是互联网教育行业扛把子，在业界内有着良好的评价，万千学子通过这个平台，获得良好的就业前景，实现了人生价值。"
        },
        {
            "title":"短标题十三",
            "name":"千锋十三号",
            "short_comment_id":"018",
            "publish_date":"2019.13.13",
           "publish_time":"10:24",
            "abstruct":"千锋教育是互联网教育行业扛把子，在业界内有着良好的评价，万千学子通过这个平台，获得良好的就业前景，实现了人生价值。 千锋教育是互联网教育行业扛把子，在业界内有着良好的评价，万千学子通过这个平台，获得良好的就业前景，实现了人生价值。"
        },
        {
            "title":"短标题十三",
            "name":"千锋十三号",
            "short_comment_id":"019",
            "publish_date":"2019.13.13",
           "publish_time":"10:24",
            "abstruct":"千锋教育是互联网教育行业扛把子，在业界内有着良好的评价，万千学子通过这个平台，获得良好的就业前景，实现了人生价值。 千锋教育是互联网教育行业扛把子，在业界内有着良好的评价，万千学子通过这个平台，获得良好的就业前景，实现了人生价值。"
        },
        {
            "title":"短标题十三",
            "name":"千锋十三号",
            "short_comment_id":"020",
            "publish_date":"2019.13.13",
           "publish_time":"10:24",
            "abstruct":"千锋教育是互联网教育行业扛把子，在业界内有着良好的评价，万千学子通过这个平台，获得良好的就业前景，实现了人生价值。 千锋教育是互联网教育行业扛把子，在业界内有着良好的评价，万千学子通过这个平台，获得良好的就业前景，实现了人生价值。"
        },
        {
            "title":"短标题十三",
            "name":"千锋十三号",
            "short_comment_id":"021",
            "publish_date":"2019.13.13",
           "publish_time":"10:24",
            "abstruct":"千锋教育是互联网教育行业扛把子，在业界内有着良好的评价，万千学子通过这个平台，获得良好的就业前景，实现了人生价值。 千锋教育是互联网教育行业扛把子，在业界内有着良好的评价，万千学子通过这个平台，获得良好的就业前景，实现了人生价值。"
        },
        {
            "title":"短标题十三",
            "name":"千锋十三号",
            "short_comment_id":"022",
            "publish_date":"2019.13.13",
           "publish_time":"10:24",
            "abstruct":"千锋教育是互联网教育行业扛把子，在业界内有着良好的评价，万千学子通过这个平台，获得良好的就业前景，实现了人生价值。 千锋教育是互联网教育行业扛把子，在业界内有着良好的评价，万千学子通过这个平台，获得良好的就业前景，实现了人生价值。"
        }
    ]

    
}