{
  "list": [
    {
      "id": "001",
      "descName": "浴血成凰",
      "descImg":"https://www.shuqiw.com/files/article/image/16/16006/16006s.jpg",
      "descData": "2019-4-2",
      "descFinish": "【已完结】",
      "descStatus": "未读",
      "descNum": "1240"
    },
    {
      "id": "002",
      "descName": "最强末世进化",
      "descImg":"https://www.shuqiw.com/files/article/image/20/20765/20765s.jpg",
      "descData": "2019-4-2",
      "descFinish": "【未完结】",
      "descStatus": "未读",
      "descNum": "555"
    },
    {
      "id": "003",
      "descName": "轻狂小毒妃",
      "descImg":"https://www.shuqiw.com/files/article/image/20/20704/20704s.jpg",
      "descData": "2019-4-2",
      "descFinish": "【已完结】",
      "descStatus": "未读",
      "descNum": "230"
    },
    {
      "id": "004",
      "descName": "绝品风水师",
      "descImg":"https://www.shuqiw.com/files/article/image/16/16152/16152s.jpg",
      "descData": "2017-4-2",
      "descFinish": "【未完结】",
      "descStatus": "未读",
      "descNum": "98"
    },
    {
      "id": "005",
      "descName": "嫡女翻身记",
      "descImg":"https://www.shuqiw.com/files/article/image/10/10399/10399s.jpg",
      "descData": "2015-4-2",
      "descFinish": "【已完结】",
      "descStatus": "未读",
      "descNum": "1240"
    },
    {
      "id": "006",
      "descName": "回档纯真年代（重生1998）",
      "descImg":"https://www.shuqiw.com/files/article/image/20/20733/20733s.jpg",
      "descData": "2019-4-2",
      "descFinish": "【未完结】",
      "descStatus": "未读",
      "descNum": "555"
    },
    {
      "id": "007",
      "descName": "大宋就应该豪横",
      "descImg":"https://www.shuqiw.com/files/article/image/17/17224/17224s.jpg",
      "descData": "2019-4-2",
      "descFinish": "【已完结】",
      "descStatus": "未读",
      "descNum": "230"
    },
    {
      "id": "008",
      "descName": "我在绝地求生捡碎片",
      "descImg":"https://www.shuqiw.com/files/article/image/2/2591/2591s.jpg",
      "descData": "2019-4-2",
      "descFinish": "【未完结】",
      "descStatus": "未读",
      "descNum": "98"
    },
    {
      "id": "009",
      "descName": "武侠江湖大冒险",
      "descImg":"https://www.shuqiw.com/files/article/image/20/20418/20418s.jpg",
      "descData": "2015-4-2",
      "descFinish": "【已完结】",
      "descStatus": "未读",
      "descNum": "1240"
    },
    {
      "id": "010",
      "descName": "我在影视世界里灭罪求生",
      "descImg":"https://www.shuqiw.com/files/article/image/16/16922/16922s.jpg",
      "descData": "2019-4-2",
      "descFinish": "【未完结】",
      "descStatus": "未读",
      "descNum": "555"
    },
    {
      "id": "011",
      "descName": "陪玩泥石流",
      "descImg":"https://www.shuqiw.com/files/article/image/19/19531/19531s.jpg",
      "descData": "2019-4-2",
      "descFinish": "【已完结】",
      "descStatus": "未读",
      "descNum": "230"
    },
    {
      "id": "012",
      "descName": "我创造了世界",
      "descImg":"https://www.shuqiw.com/files/article/image/0/155/155s.jpg",
      "descData": "2019-4-2",
      "descFinish": "【未完结】",
      "descStatus": "未读",
      "descNum": "98"
    }
  ]
}