{
   "data": [
      {
         "name": "北京报刊",
         "paperId": "01",
         "magazine": ["京报网-北京日报","北京晨报","北京青年报","北京商报","法制晚报","北京科技报","新京报","京华时报","京报","北京周报","中学时事报","国际商报","信息产业报","第一财经日报","北京少年报","北京青年周刊","中国大学生","健康报"],
         "company": [
            {"companyId": 0,"name": "光明日报报业集团","url":"https://about.gmw.cn/node_21441.htm", "paper": ["生活时报","文摘报","博览群书","中华读书报","书摘","考试"]},
            {"companyId": 1,"name": "经济日报报业集团","url":"http://73118.sinmv.com/", "paper": ["名牌时报","中国花卉报","中国企业家","服装时报","中国经济信息"]},
            {"companyId": 2,"name": "文汇-新民联合报业集团","url":"http://c.show160.com/12911/", "paper": ["文汇报","新民晚报"]},
            {"companyId": 3,"name": "南方日报报业集团","url":"http://cm.hc23.com/company/94276.html", "paper": ["南方周末","南方都市","花鸟世界"]},
            {"companyId": 4,"name":  "广州日报报业集团","url":"http://cm.hc23.com/company/94797.html", "paper": ["足球","广州文摘报"]},
            {"companyId": 5,"name": "羊城晚报报业集团","url":"http://10851297.guangdong.12580.tv/", "paper": ["羊城体育","新闻周刊新快报"]}                                   
         ],
         "media": [{"title":"人民日报","url":"http://www.people.com.cn/"},{"title": "新华社","url":"http://www.xinhuanet.com/"},{"title":"中国记协","url":"http://www.zgjx.cn/"},{"title":"中央电视台","url":"https://www.cctv.com/"},{"title":"科技日报","url":"http://digitalpaper.stdaily.com/"},{"title":"中国日报","url":"http://cn.chinadaily.com.cn/"},{"title":"法制日报","url":"http://www.legaldaily.com.cn/"},{"title":"解放军报","url":"http://www.81.cn/"},{"title":"农民日报","url":"http://www.farmer.com.cn/"},{"title":"检查日报","url":"http://zjby.jcrb.com/"}]
      },
      {
         "name": "天津报刊",
         "paperId": "02",
         "magazine": ["天津日报","天津晨报","天津青年报","天津商报","法制晚报","京报","天津科技报","津报","天津周报","中学时事报","国际商报","信息产业报","第一财经日报", "中学时事报","天津少年报","天津青年周刊","中国大学生","健康报"],
         "company": [
            {"companyId": 0,"name": "光明日报报业集团","url":"https://about.gmw.cn/node_21441.htm", "paper": ["生活时报","文摘报","博览群书","中华读书报","书摘","考试"]},
            {"companyId": 1,"name": "经济日报报业集团","url":"http://73118.sinmv.com/", "paper": ["名牌时报","中国花卉报","中国企业家","服装时报","中国经济信息"]},
            {"companyId": 2,"name": "文汇-新民联合报业集团","url":"http://c.show160.com/12911/", "paper": ["文汇报","新民晚报"]},
            {"companyId": 3,"name": "南方日报报业集团","url":"http://cm.hc23.com/company/94276.html", "paper": ["南方周末","南方都市","花鸟世界"]},
            {"companyId": 4,"name":  "广州日报报业集团","url":"http://cm.hc23.com/company/94797.html", "paper": ["足球","广州文摘报"]},
            {"companyId": 5,"name": "羊城晚报报业集团","url":"http://10851297.guangdong.12580.tv/", "paper": ["羊城体育","新闻周刊新快报"]}                                   
         ],
         "media": [{"title":"人民日报","url":"http://www.people.com.cn/"},{"title": "新华社","url":"http://www.xinhuanet.com/"},{"title":"中国记协","url":"http://www.zgjx.cn/"},{"title":"中央电视台","url":"https://www.cctv.com/"},{"title":"科技日报","url":"http://digitalpaper.stdaily.com/"},{"title":"中国日报","url":"http://cn.chinadaily.com.cn/"},{"title":"法制日报","url":"http://www.legaldaily.com.cn/"},{"title":"解放军报","url":"http://www.81.cn/"},{"title":"农民日报","url":"http://www.farmer.com.cn/"},{"title":"检查日报","url":"http://zjby.jcrb.com/"}]

      },
      {
         "name": "河北报刊",
         "paperId": "03",
         "magazine": ["河北日报","河北晨报","河北青年报","京报","河北商报","法制晚报","河北科技报","河北报","河北周报","中学时事报","国际商报","信息产业报","第一财经日报","中学时事报","河北少年报","河北青年周刊","中国大学生","健康报"],
         "company": [
            {"companyId": 0,"name": "光明日报报业集团","url":"https://about.gmw.cn/node_21441.htm", "paper": ["生活时报","文摘报","博览群书","中华读书报","书摘","考试"]},
            {"companyId": 1,"name": "经济日报报业集团","url":"http://73118.sinmv.com/", "paper": ["名牌时报","中国花卉报","中国企业家","服装时报","中国经济信息"]},
            {"companyId": 2,"name": "文汇-新民联合报业集团","url":"http://c.show160.com/12911/", "paper": ["文汇报","新民晚报"]},
            {"companyId": 3,"name": "南方日报报业集团","url":"http://cm.hc23.com/company/94276.html", "paper": ["南方周末","南方都市","花鸟世界"]},
            {"companyId": 4,"name":  "广州日报报业集团","url":"http://cm.hc23.com/company/94797.html", "paper": ["足球","广州文摘报"]},
            {"companyId": 5,"name": "羊城晚报报业集团","url":"http://10851297.guangdong.12580.tv/", "paper": ["羊城体育","新闻周刊新快报"]}                                   
         ],
         "media": [{"title":"人民日报","url":"http://www.people.com.cn/"},{"title": "新华社","url":"http://www.xinhuanet.com/"},{"title":"中国记协","url":"http://www.zgjx.cn/"},{"title":"中央电视台","url":"https://www.cctv.com/"},{"title":"科技日报","url":"http://digitalpaper.stdaily.com/"},{"title":"中国日报","url":"http://cn.chinadaily.com.cn/"},{"title":"法制日报","url":"http://www.legaldaily.com.cn/"},{"title":"解放军报","url":"http://www.81.cn/"},{"title":"农民日报","url":"http://www.farmer.com.cn/"},{"title":"检查日报","url":"http://zjby.jcrb.com/"}]

      },
      {
         "name": "山西报刊",
         "paperId": "04",
         "magazine": ["山西日报","山西晨报","山西青年报","京报","山西商报","法制晚报","山西科技报","山西报","山西周报","中学时事报","国际商报","信息产业报","第一财经日报","山西少年报","中学时事报","山西青年周刊","中国大学生","健康报"],
         "company": [
            {"companyId": 0,"name": "光明日报报业集团","url":"https://about.gmw.cn/node_21441.htm", "paper": ["生活时报","文摘报","博览群书","中华读书报","书摘","考试"]},
            {"companyId": 1,"name": "经济日报报业集团","url":"http://73118.sinmv.com/", "paper": ["名牌时报","中国花卉报","中国企业家","服装时报","中国经济信息"]},
            {"companyId": 2,"name": "文汇-新民联合报业集团","url":"http://c.show160.com/12911/", "paper": ["文汇报","新民晚报"]},
            {"companyId": 3,"name": "南方日报报业集团","url":"http://cm.hc23.com/company/94276.html", "paper": ["南方周末","南方都市","花鸟世界"]},
            {"companyId": 4,"name":  "广州日报报业集团","url":"http://cm.hc23.com/company/94797.html", "paper": ["足球","广州文摘报"]},
            {"companyId": 5,"name": "羊城晚报报业集团","url":"http://10851297.guangdong.12580.tv/", "paper": ["羊城体育","新闻周刊新快报"]}                                   
         ],
         "media": [{"title":"人民日报","url":"http://www.people.com.cn/"},{"title": "新华社","url":"http://www.xinhuanet.com/"},{"title":"中国记协","url":"http://www.zgjx.cn/"},{"title":"中央电视台","url":"https://www.cctv.com/"},{"title":"科技日报","url":"http://digitalpaper.stdaily.com/"},{"title":"中国日报","url":"http://cn.chinadaily.com.cn/"},{"title":"法制日报","url":"http://www.legaldaily.com.cn/"},{"title":"解放军报","url":"http://www.81.cn/"},{"title":"农民日报","url":"http://www.farmer.com.cn/"},{"title":"检查日报","url":"http://zjby.jcrb.com/"}]

      },
      {
         "name": "内蒙古报刊",
         "paperId": "05",
         "magazine": ["内蒙古日报","内蒙古晨报","内蒙古青年报","京报","内蒙古商报","法制晚报","内蒙古科技报","内蒙古报","内蒙古周报","中学时事报","国际商报","信息产业报","第一财经日报","中学时事报","内蒙古少年报","内蒙古青年周刊","中国大学生","健康报"],
         "company": [
            {"companyId": 0,"name": "光明日报报业集团","url":"https://about.gmw.cn/node_21441.htm", "paper": ["生活时报","文摘报","博览群书","中华读书报","书摘","考试"]},
            {"companyId": 1,"name": "经济日报报业集团","url":"http://73118.sinmv.com/", "paper": ["名牌时报","中国花卉报","中国企业家","服装时报","中国经济信息"]},
            {"companyId": 2,"name": "文汇-新民联合报业集团","url":"http://c.show160.com/12911/", "paper": ["文汇报","新民晚报"]},
            {"companyId": 3,"name": "南方日报报业集团","url":"http://cm.hc23.com/company/94276.html", "paper": ["南方周末","南方都市","花鸟世界"]},
            {"companyId": 4,"name":  "广州日报报业集团","url":"http://cm.hc23.com/company/94797.html", "paper": ["足球","广州文摘报"]},
            {"companyId": 5,"name": "羊城晚报报业集团","url":"http://10851297.guangdong.12580.tv/", "paper": ["羊城体育","新闻周刊新快报"]}                                   
         ],
         "media": [{"title":"人民日报","url":"http://www.people.com.cn/"},{"title": "新华社","url":"http://www.xinhuanet.com/"},{"title":"中国记协","url":"http://www.zgjx.cn/"},{"title":"中央电视台","url":"https://www.cctv.com/"},{"title":"科技日报","url":"http://digitalpaper.stdaily.com/"},{"title":"中国日报","url":"http://cn.chinadaily.com.cn/"},{"title":"法制日报","url":"http://www.legaldaily.com.cn/"},{"title":"解放军报","url":"http://www.81.cn/"},{"title":"农民日报","url":"http://www.farmer.com.cn/"},{"title":"检查日报","url":"http://zjby.jcrb.com/"}]

      },
      {
         "name": "安徽报刊",
         "paperId": "06",
         "magazine": ["安徽日报","安徽晨报","安徽青年报","合肥晚报","安徽商报","中安在线","安徽科技报","安徽报","安徽周报","中学时事报","国际商报","信息产业报","第一财经日报","中学时事报","安徽少年报","安徽青年周刊","中国大学生","健康报"],
         "company": [
            {"companyId": 0,"name": "光明日报报业集团","url":"https://about.gmw.cn/node_21441.htm", "paper": ["生活时报","文摘报","博览群书","中华读书报","书摘","考试"]},
            {"companyId": 1,"name": "经济日报报业集团","url":"http://73118.sinmv.com/", "paper": ["名牌时报","中国花卉报","中国企业家","服装时报","中国经济信息"]},
            {"companyId": 2,"name": "文汇-新民联合报业集团","url":"http://c.show160.com/12911/", "paper": ["文汇报","新民晚报"]},
            {"companyId": 3,"name": "南方日报报业集团","url":"http://cm.hc23.com/company/94276.html", "paper": ["南方周末","南方都市","花鸟世界"]},
            {"companyId": 4,"name":  "广州日报报业集团","url":"http://cm.hc23.com/company/94797.html", "paper": ["足球","广州文摘报"]},
            {"companyId": 5,"name": "羊城晚报报业集团","url":"http://10851297.guangdong.12580.tv/", "paper": ["羊城体育","新闻周刊新快报"]}                                   
         ],
         "media": [{"title":"人民日报","url":"http://www.people.com.cn/"},{"title": "新华社","url":"http://www.xinhuanet.com/"},{"title":"中国记协","url":"http://www.zgjx.cn/"},{"title":"中央电视台","url":"https://www.cctv.com/"},{"title":"科技日报","url":"http://digitalpaper.stdaily.com/"},{"title":"中国日报","url":"http://cn.chinadaily.com.cn/"},{"title":"法制日报","url":"http://www.legaldaily.com.cn/"},{"title":"解放军报","url":"http://www.81.cn/"},{"title":"农民日报","url":"http://www.farmer.com.cn/"},{"title":"检查日报","url":"http://zjby.jcrb.com/"}]

      }
   ]
}