{
   "error_code": 0,
   "rank_data": [
      {
         "book_id": 1,
         "cate_type": "印刷出版",
         "rank_type": "作品榜",
         "book_name": "考试周刊",
         "book_info": "穿越而来，她自带防毒雷达。哔哔——啥？姨该放就放国家更符合法规和法国和法国共和国法国和，更符合法规和，的合法建设的放开将，数据库的方块是德国，外加蛇蝎庶妹哔哔——呀！包办婚姻，老公还看不上该放就放国家更符合法规和法国和法国共和国法国和，更符合法规和，的合法建设的放开将，数据库的方块是古风 车系，凭她超高智商穿越而来，她自带防毒雷达。哔哔——啥？姨该放就放国家更符合法规和法国和法国共和国法国和，更符合法规和，的合法建设的放开将，数据库的方块是德国，外加蛇蝎庶妹哔哔——呀",
         "book_img": "http://qk1.whjcmm.com/upload/img/20150120/20150120173029611.jpg",
         "book_author": "作1者",
         "book_date": "2019-10-11",
         "book_publisher": "出版1社",
         "book_binding": "装1帧",
         "book_translator": "translator",
         "sort": 1,
         "show": true,
         "book_price": 50,
         "book_finish": false,
         "book_num": 120
      },
      {
         "book_id": 2,
         "cate_type": "印刷出版",
         "rank_type": "作品榜",
         "book_name": "考试周刊",
         "book_info": "穿越而来，她自带防毒雷达。哔哔——啥？姨该放就放国家更符合法规和法国和法国共和国法国和，更符合法规和，的合法建设的放开将，数据库的方块是德国，外加蛇蝎庶妹哔哔——呀！包办婚姻，老公还看不上该放就放国家更符合法规和法国和法国共和国法国和，更符合法规和，的合法建设的放开将，数据库的方块是古风 车系，凭她超高智商穿越而来，她自带防毒雷达。哔哔——啥？姨该放就放国家更符合法规和法国和法国共和国法国和，更符合法规和，的合法建设的放开将，数据库的方块是德国，外加蛇蝎庶妹哔哔——呀",
         "book_img": "http://qk1.whjcmm.com/upload/img/20150120/20150120173029611.jpg",
         "book_author": "作2者",
         "book_date": "2019-10-11",
         "book_publisher": "出版2社",
         "book_binding": "装2帧",
         "book_translator": "translator",
         "sort": 1,
         "show": true,
         "book_price": 100,
         "book_finish": false,
         "book_num": 120
      },
      {
         "book_id": 3,
         "cate_type": "印刷出版",
         "rank_type": "作品榜",
         "book_name": "精英周刊",
         "book_info": "穿越而来，她自带防毒雷达。哔哔——啥？姨该放就放国家更符合法规和法国和法国共和国法国和，更符合法规和，的合法建设的放开将，数据库的方块是德国，外加蛇蝎庶妹哔哔——呀！包办婚姻，老公还看不上该放就放国家更符合法规和法国和法国共和国法国和，更符合法规和，的合法建设的放开将，数据库的方块是古风 车系，凭她超高智商穿越而来，她自带防毒雷达。哔哔——啥？姨该放就放国家更符合法规和法国和法国共和国法国和，更符合法规和，的合法建设的放开将，数据库的方块是德国，外加蛇蝎庶妹哔哔——呀",
         "book_img": "http://qk1.whjcmm.com/upload/img/20150120/20150120173029611.jpg",
         "book_author": "作3者",
         "book_date": "2019-10-11",
         "book_publisher": "出版3社",
         "book_binding": "装3帧",
         "book_translator": "translator",
         "sort": 1,
         "show": true,
         "book_price": 100,
         "book_finish": false,
         "book_num": 119
      },
      {
         "book_id": 4,
         "cate_type": "印刷出版",
         "rank_type": "作品榜",
         "book_name": "教育周刊",
         "book_info": "穿越而来，她自带防毒雷达。哔哔——啥？姨该放就放国家更符合法规和法国和法国共和国法国和，更符合法规和，的合法建设的放开将，数据库的方块是德国，外加蛇蝎庶妹哔哔——呀！包办婚姻，老公还看不上该放就放国家更符合法规和法国和法国共和国法国和，更符合法规和，的合法建设的放开将，数据库的方块是古风 车系，凭她超高智商穿越而来，她自带防毒雷达。哔哔——啥？姨该放就放国家更符合法规和法国和法国共和国法国和，更符合法规和，的合法建设的放开将，数据库的方块是德国，外加蛇蝎庶妹哔哔——呀",
         "book_img": "http://qk1.whjcmm.com/upload/img/20150120/20150120173029611.jpg",
         "book_author": "作4者",
         "book_date": "2019-10-11",
         "book_publisher": "出版4社",
         "book_binding": "装4帧",
         "book_translator": "translator",
         "sort": 1,
         "show": true,
         "book_price": 150,
         "book_finish": true,
         "book_num": 117
      },
      {
         "book_id": 5,
         "cate_type": "印刷出版",
         "rank_type": "作品榜",
         "book_name": "报刊荟萃",
         "book_info": "穿越而来，她自带防毒雷达。哔哔——啥？姨该放就放国家更符合法规和法国和法国共和国法国和，更符合法规和，的合法建设的放开将，数据库的方块是德国，外加蛇蝎庶妹哔哔——呀！包办婚姻，老公还看不上该放就放国家更符合法规和法国和法国共和国法国和，更符合法规和，的合法建设的放开将，数据库的方块是古风 车系，凭她超高智商穿越而来，她自带防毒雷达。哔哔——啥？姨该放就放国家更符合法规和法国和法国共和国法国和，更符合法规和，的合法建设的放开将，数据库的方块是德国，外加蛇蝎庶妹哔哔——呀",
         "book_img": "http://qk1.whjcmm.com/upload/img/20150120/20150120173029611.jpg",
         "book_author": "作5者",
         "book_date": "2019-10-11",
         "book_publisher": "出版5社",
         "book_binding": "装5帧",
         "book_translator": "translator",
         "sort": 1,
         "show": true,
         "book_price": 150,
         "book_finish": true,
         "book_num": 118
      },
      {
         "book_id": 6,
         "cate_type": "印刷出版",
         "rank_type": "作品榜",
         "book_name": "报刊荟萃",
         "book_info": "穿越而来，她自带防毒雷达。哔哔——啥？姨该放就放国家更符合法规和法国和法国共和国法国和，更符合法规和，的合法建设的放开将，数据库的方块是德国，外加蛇蝎庶妹哔哔——呀！包办婚姻，老公还看不上该放就放国家更符合法规和法国和法国共和国法国和，更符合法规和，的合法建设的放开将，数据库的方块是古风 车系，凭她超高智商穿越而来，她自带防毒雷达。哔哔——啥？姨该放就放国家更符合法规和法国和法国共和国法国和，更符合法规和，的合法建设的放开将，数据库的方块是德国，外加蛇蝎庶妹哔哔——呀",
         "book_img": "http://qk1.whjcmm.com/upload/img/20150120/20150120173029611.jpg",
         "book_author": "作6者",
         "book_date": "2019-10-11",
         "book_publisher": "出版6社",
         "book_binding": "装6帧",
         "book_translator": "translator",
         "sort": 1,
         "show": true,
         "book_price": 100,
         "book_finish": true,
         "book_num": 105
      },
      {
         "book_id": 7,
         "cate_type": "印刷出版",
         "rank_type": "作品榜",
         "book_name": "报刊荟萃",
         "book_info": "穿越而来，她自带防毒雷达。哔哔——啥？姨该放就放国家更符合法规和法国和法国共和国法国和，更符合法规和，的合法建设的放开将，数据库的方块是德国，外加蛇蝎庶妹哔哔——呀！包办婚姻，老公还看不上该放就放国家更符合法规和法国和法国共和国法国和，更符合法规和，的合法建设的放开将，数据库的方块是古风 车系，凭她超高智商穿越而来，她自带防毒雷达。哔哔——啥？姨该放就放国家更符合法规和法国和法国共和国法国和，更符合法规和，的合法建设的放开将，数据库的方块是德国，外加蛇蝎庶妹哔哔——呀",
         "book_img": "http://qk1.whjcmm.com/upload/img/20150120/20150120173029611.jpg",
         "book_author": "作7者",
         "book_date": "2019-10-11",
         "book_publisher": "出版7社",
         "book_binding": "装7帧",
         "book_translator": "translator",
         "sort": 1,
         "show": true,
         "book_price": 100,
         "book_finish": false,
         "book_num": 106
      },
      {
         "book_id": 8,
         "cate_type": "印刷出版",
         "rank_type": "作品榜",
         "book_name": "报刊荟萃",
         "book_info": "穿越而来，她自带防毒雷达。哔哔——啥？姨该放就放国家更符合法规和法国和法国共和国法国和，更符合法规和，的合法建设的放开将，数据库的方块是德国，外加蛇蝎庶妹哔哔——呀！包办婚姻，老公还看不上该放就放国家更符合法规和法国和法国共和国法国和，更符合法规和，的合法建设的放开将，数据库的方块是古风 车系，凭她超高智商穿越而来，她自带防毒雷达。哔哔——啥？姨该放就放国家更符合法规和法国和法国共和国法国和，更符合法规和，的合法建设的放开将，数据库的方块是德国，外加蛇蝎庶妹哔哔——呀",
         "book_img": "http://qk1.whjcmm.com/upload/img/20150120/20150120173029611.jpg",
         "book_author": "作8者",
         "book_date": "2019-10-11",
         "book_publisher": "出版8社",
         "book_binding": "装8帧",
         "book_translator": "translator",
         "sort": 1,
         "show": true,
         "book_price": 100,
         "book_finish": false,
         "book_num": 107
      },
      {
         "book_id": 1,
         "cate_type": "电子出版",   
         "rank_type": "阅读榜",
         "book_name": "报刊荟萃",
         "book_info": "穿越而来，她自带防毒雷达。哔哔——啥？姨该放就放国家更符合法规和法国和法国共和国法国和，更符合法规和，的合法建设的放开将，数据库的方块是德国，外加蛇蝎庶妹哔哔——呀！包办婚姻，老公还看不上该放就放国家更符合法规和法国和法国共和国法国和，更符合法规和，的合法建设的放开将，数据库的方块是古风 车系，凭她超高智商穿越而来，她自带防毒雷达。哔哔——啥？姨该放就放国家更符合法规和法国和法国共和国法国和，更符合法规和，的合法建设的放开将，数据库的方块是德国，外加蛇蝎庶妹哔哔——呀",
         "book_img": "http://qk1.whjcmm.com/upload/img/20150120/20150120173029611.jpg",
         "book_author": "作者1",
         "book_date": "2019-10-11",
         "book_publisher": "出版社1",
         "book_binding": "装帧1",
         "book_translator": "translator",
         "sort": 1,
         "show": true,
         "book_price": 50,
         "book_finish": true,
         "book_num": 108
      },
      {
         "book_id": 2,
         "cate_type": "电子出版",
         "rank_type": "阅读榜",
         "book_name": "报刊荟萃",
         "book_info": "穿越而来，她自带防毒雷达。哔哔——啥？姨该放就放国家更符合法规和法国和法国共和国法国和，更符合法规和，的合法建设的放开将，数据库的方块是德国，外加蛇蝎庶妹哔哔——呀！包办婚姻，老公还看不上该放就放国家更符合法规和法国和法国共和国法国和，更符合法规和，的合法建设的放开将，数据库的方块是古风 车系，凭她超高智商穿越而来，她自带防毒雷达。哔哔——啥？姨该放就放国家更符合法规和法国和法国共和国法国和，更符合法规和，的合法建设的放开将，数据库的方块是德国，外加蛇蝎庶妹哔哔——呀",
         "book_img": "http://qk1.whjcmm.com/upload/img/20150120/20150120173029611.jpg",
         "book_author": "作者2",
         "book_date": "2019-10-11",
         "book_publisher": "出版社2",
         "book_binding": "装帧2",
         "book_translator": "translator",
         "sort": 1,
         "show": true,
         "book_price": 100,
         "book_finish": true,
         "book_num": 101
      },
      {
         "book_id": 3,
         "cate_type": "电子出版",
         "rank_type": "阅读榜",
         "book_name": "精英周刊",
         "book_info": "穿越而来，她自带防毒雷达。哔哔——啥？姨该放就放国家更符合法规和法国和法国共和国法国和，更符合法规和，的合法建设的放开将，数据库的方块是德国，外加蛇蝎庶妹哔哔——呀！包办婚姻，老公还看不上该放就放国家更符合法规和法国和法国共和国法国和，更符合法规和，的合法建设的放开将，数据库的方块是古风 车系，凭她超高智商穿越而来，她自带防毒雷达。哔哔——啥？姨该放就放国家更符合法规和法国和法国共和国法国和，更符合法规和，的合法建设的放开将，数据库的方块是德国，外加蛇蝎庶妹哔哔——呀",
         "book_img": "http://qk1.whjcmm.com/upload/img/20150120/20150120173029611.jpg",
         "book_author": "作者3",
         "book_date": "2019-10-11",
         "book_publisher": "出版社3",
         "book_binding": "装帧3",
         "book_translator": "translator",
         "sort": 1,
         "show": true,
         "book_price": 100,
         "book_finish": true,
         "book_num": 101
      },
      {
         "book_id": 4,
         "cate_type": "电子出版",
         "rank_type": "阅读榜",
         "book_name": "教育周刊",
         "book_info": "穿越而来，她自带防毒雷达。哔哔——啥？姨该放就放国家更符合法规和法国和法国共和国法国和，更符合法规和，的合法建设的放开将，数据库的方块是德国，外加蛇蝎庶妹哔哔——呀！包办婚姻，老公还看不上该放就放国家更符合法规和法国和法国共和国法国和，更符合法规和，的合法建设的放开将，数据库的方块是古风 车系，凭她超高智商穿越而来，她自带防毒雷达。哔哔——啥？姨该放就放国家更符合法规和法国和法国共和国法国和，更符合法规和，的合法建设的放开将，数据库的方块是德国，外加蛇蝎庶妹哔哔——呀",
         "book_img": "http://qk1.whjcmm.com/upload/img/20150120/20150120173029611.jpg",
         "book_author": "作者4",
         "book_date": "2019-10-11",
         "book_publisher": "出版社4",
         "book_binding": "装帧4",
         "book_translator": "translator",
         "sort": 1,
         "show": true,
         "book_price": 150,
         "book_finish": false,
         "book_num": 101
      },
      {
         "book_id": 5,
         "cate_type": "电子出版",
         "rank_type": "阅读榜",
         "book_name": "报刊荟萃",
         "book_info": "穿越而来，她自带防毒雷达。哔哔——啥？姨该放就放国家更符合法规和法国和法国共和国法国和，更符合法规和，的合法建设的放开将，数据库的方块是德国，外加蛇蝎庶妹哔哔——呀！包办婚姻，老公还看不上该放就放国家更符合法规和法国和法国共和国法国和，更符合法规和，的合法建设的放开将，数据库的方块是古风 车系，凭她超高智商穿越而来，她自带防毒雷达。哔哔——啥？姨该放就放国家更符合法规和法国和法国共和国法国和，更符合法规和，的合法建设的放开将，数据库的方块是德国，外加蛇蝎庶妹哔哔——呀",
         "book_img": "http://qk1.whjcmm.com/upload/img/20150120/20150120173029611.jpg",
         "book_author": "作者5",
         "book_date": "2019-10-11",
         "book_publisher": "出版社5",
         "book_binding": "装帧5",
         "book_translator": "translator",
         "sort": 1,
         "show": true,
         "book_price": 150,
         "book_finish": false,
         "book_num": 101
      },
      {
         "book_id": 6,
         "cate_type": "电子出版",
         "rank_type": "阅读榜",
         "book_name": "考试周刊",
         "book_info": "穿越而来，她自带防毒雷达。哔哔——啥？姨该放就放国家更符合法规和法国和法国共和国法国和，更符合法规和，的合法建设的放开将，数据库的方块是德国，外加蛇蝎庶妹哔哔——呀！包办婚姻，老公还看不上该放就放国家更符合法规和法国和法国共和国法国和，更符合法规和，的合法建设的放开将，数据库的方块是古风 车系，凭她超高智商穿越而来，她自带防毒雷达。哔哔——啥？姨该放就放国家更符合法规和法国和法国共和国法国和，更符合法规和，的合法建设的放开将，数据库的方块是德国，外加蛇蝎庶妹哔哔——呀",
         "book_img": "http://qk1.whjcmm.com/upload/img/20150120/20150120173029611.jpg",
         "book_author": "作者6",
         "book_date": "2019-10-11",
         "book_publisher": "出版社6",
         "book_binding": "装帧6",
         "book_translator": "translator",
         "sort": 1,
         "show": true,
         "book_price": 100,
         "book_finish": false,
         "book_num": 101
      },
      {
         "book_id": 7,
         "cate_type": "电子出版",
         "rank_type": "阅读榜",
         "book_name": "考试周刊",
         "book_info": "穿越而来，她自带防毒雷达。哔哔——啥？姨该放就放国家更符合法规和法国和法国共和国法国和，更符合法规和，的合法建设的放开将，数据库的方块是德国，外加蛇蝎庶妹哔哔——呀！包办婚姻，老公还看不上该放就放国家更符合法规和法国和法国共和国法国和，更符合法规和，的合法建设的放开将，数据库的方块是古风 车系，凭她超高智商穿越而来，她自带防毒雷达。哔哔——啥？姨该放就放国家更符合法规和法国和法国共和国法国和，更符合法规和，的合法建设的放开将，数据库的方块是德国，外加蛇蝎庶妹哔哔——呀",
         "book_img": "http://qk1.whjcmm.com/upload/img/20150120/20150120173029611.jpg",
         "book_author": "作者7",
         "book_date": "2019-10-11",
         "book_publisher": "出版社7",
         "book_binding": "装帧7",
         "book_translator": "translator",
         "sort": 1,
         "show": true,
         "book_price": 100,
         "book_finish": false,
         "book_num": 101
      },
      {
         "book_id": 1,
         "cate_type": "杂志",
         "rank_type": "推荐榜",
         "book_name": "报刊荟萃",
         "book_info": "穿越而来，她自带防毒雷达。哔哔——啥？姨该放就放国家更符合法规和法国和法国共和国法国和，更符合法规和，的合法建设的放开将，数据库的方块是德国，外加蛇蝎庶妹哔哔——呀！包办婚姻，老公还看不上该放就放国家更符合法规和法国和法国共和国法国和，更符合法规和，的合法建设的放开将，数据库的方块是古风 车系，凭她超高智商穿越而来，她自带防毒雷达。哔哔——啥？姨该放就放国家更符合法规和法国和法国共和国法国和，更符合法规和，的合法建设的放开将，数据库的方块是德国，外加蛇蝎庶妹哔哔——呀",
         "book_img": "http://qk1.whjcmm.com/upload/img/20150120/20150120173029611.jpg",
         "book_author": "1作者",
         "book_date": "2019-10-11",
         "book_publisher": "1出版社",
         "book_binding": "1装帧",
         "book_translator": "translator",
         "sort": 1,
         "show": true,
         "book_price": 50,
         "book_finish": false,
         "book_num": 101
      },
      {
         "book_id": 2,
         "cate_type": "杂志",
         "rank_type": "推荐榜",
         "book_name": "报刊荟萃",
         "book_info": "穿越而来，她自带防毒雷达。哔哔——啥？姨该放就放国家更符合法规和法国和法国共和国法国和，更符合法规和，的合法建设的放开将，数据库的方块是德国，外加蛇蝎庶妹哔哔——呀！包办婚姻，老公还看不上该放就放国家更符合法规和法国和法国共和国法国和，更符合法规和，的合法建设的放开将，数据库的方块是古风 车系，凭她超高智商穿越而来，她自带防毒雷达。哔哔——啥？姨该放就放国家更符合法规和法国和法国共和国法国和，更符合法规和，的合法建设的放开将，数据库的方块是德国，外加蛇蝎庶妹哔哔——呀",
         "book_img": "http://qk1.whjcmm.com/upload/img/20150120/20150120173029611.jpg",
         "book_author": "2作者",
         "book_date": "2019-10-11",
         "book_publisher": "2出版社",
         "book_binding": "2装帧",
         "book_translator": "translator",
         "sort": 1,
         "show": true,
         "book_price": 100,
         "book_finish": false,
         "book_num": 101
      },
      {
         "book_id": 3,
         "cate_type": "杂志",
         "rank_type": "推荐榜",
         "book_name": "精英周刊",
         "book_info": "穿越而来，她自带防毒雷达。哔哔——啥？姨该放就放国家更符合法规和法国和法国共和国法国和，更符合法规和，的合法建设的放开将，数据库的方块是德国，外加蛇蝎庶妹哔哔——呀！包办婚姻，老公还看不上该放就放国家更符合法规和法国和法国共和国法国和，更符合法规和，的合法建设的放开将，数据库的方块是古风 车系，凭她超高智商穿越而来，她自带防毒雷达。哔哔——啥？姨该放就放国家更符合法规和法国和法国共和国法国和，更符合法规和，的合法建设的放开将，数据库的方块是德国，外加蛇蝎庶妹哔哔——呀",
         "book_img": "http://qk1.whjcmm.com/upload/img/20150120/20150120173029611.jpg",
         "book_author": "3作者",
         "book_date": "2019-10-11",
         "book_publisher": "3出版社",
         "book_binding": "3装帧",
         "book_translator": "translator",
         "sort": 1,
         "show": true,
         "book_price": 100,
         "book_finish": false,
         "book_num": 101
      },
      {
         "book_id": 4,
         "cate_type": "杂志",
         "rank_type": "推荐榜",
         "book_name": "教育周刊",
         "book_info": "穿越而来，她自带防毒雷达。哔哔——啥？姨该放就放国家更符合法规和法国和法国共和国法国和，更符合法规和，的合法建设的放开将，数据库的方块是德国，外加蛇蝎庶妹哔哔——呀！包办婚姻，老公还看不上该放就放国家更符合法规和法国和法国共和国法国和，更符合法规和，的合法建设的放开将，数据库的方块是古风 车系，凭她超高智商穿越而来，她自带防毒雷达。哔哔——啥？姨该放就放国家更符合法规和法国和法国共和国法国和，更符合法规和，的合法建设的放开将，数据库的方块是德国，外加蛇蝎庶妹哔哔——呀",
         "book_img": "http://qk1.whjcmm.com/upload/img/20150120/20150120173029611.jpg",
         "book_author": "4作者",
         "book_date": "2019-10-11",
         "book_publisher": "4出版社",
         "book_binding": "4装帧",
         "book_translator": "translator",
         "sort": 1,
         "show": true,
         "book_price": 150,
         "book_finish": false,
         "book_num": 101
      },
      {
         "book_id": 5,
         "cate_type": "杂志",
         "rank_type": "推荐榜",
         "book_name": "报刊荟萃",
         "book_info": "穿越而来，她自带防毒雷达。哔哔——啥？姨该放就放国家更符合法规和法国和法国共和国法国和，更符合法规和，的合法建设的放开将，数据库的方块是德国，外加蛇蝎庶妹哔哔——呀！包办婚姻，老公还看不上该放就放国家更符合法规和法国和法国共和国法国和，更符合法规和，的合法建设的放开将，数据库的方块是古风 车系，凭她超高智商穿越而来，她自带防毒雷达。哔哔——啥？姨该放就放国家更符合法规和法国和法国共和国法国和，更符合法规和，的合法建设的放开将，数据库的方块是德国，外加蛇蝎庶妹哔哔——呀",
         "book_img": "http://qk1.whjcmm.com/upload/img/20150120/20150120173029611.jpg",
         "book_author": "5作者",
         "book_date": "2019-10-11",
         "book_publisher": "5出版社",
         "book_binding": "5装帧",
         "book_translator": "translator",
         "sort": 1,
         "show": true,
         "book_price": 150,
         "book_finish": true,
         "book_num": 101
      },
      {
         "book_id": 6,
         "cate_type": "杂志",
         "rank_type": "推荐榜",
         "book_name": "考试周刊",
         "book_info": "穿越而来，她自带防毒雷达。哔哔——啥？姨该放就放国家更符合法规和法国和法国共和国法国和，更符合法规和，的合法建设的放开将，数据库的方块是德国，外加蛇蝎庶妹哔哔——呀！包办婚姻，老公还看不上该放就放国家更符合法规和法国和法国共和国法国和，更符合法规和，的合法建设的放开将，数据库的方块是古风 车系，凭她超高智商穿越而来，她自带防毒雷达。哔哔——啥？姨该放就放国家更符合法规和法国和法国共和国法国和，更符合法规和，的合法建设的放开将，数据库的方块是德国，外加蛇蝎庶妹哔哔——呀",
         "book_img": "http://qk1.whjcmm.com/upload/img/20150120/20150120173029611.jpg",
         "book_author": "6作者",
         "book_date": "2019-10-11",
         "book_publisher": "6出版社",
         "book_binding": "6装帧",
         "book_translator": "translator",
         "sort": 1,
         "show": true,
         "book_price": 29,
         "book_finish": false,
         "book_num": 101
      },
      {
         "book_id": 7,
         "cate_type": "杂志",
         "rank_type": "推荐榜",
         "book_name": "考试周刊",
         "book_info": "穿越而来，她自带防毒雷达。哔哔——啥？姨该放就放国家更符合法规和法国和法国共和国法国和，更符合法规和，的合法建设的放开将，数据库的方块是德国，外加蛇蝎庶妹哔哔——呀！包办婚姻，老公还看不上该放就放国家更符合法规和法国和法国共和国法国和，更符合法规和，的合法建设的放开将，数据库的方块是古风 车系，凭她超高智商穿越而来，她自带防毒雷达。哔哔——啥？姨该放就放国家更符合法规和法国和法国共和国法国和，更符合法规和，的合法建设的放开将，数据库的方块是德国，外加蛇蝎庶妹哔哔——呀",
         "book_img": "http://qk1.whjcmm.com/upload/img/20150120/20150120173029611.jpg",
         "book_author": "7作者",
         "book_date": "2019-10-11",
         "book_publisher": "7出版社",
         "book_binding": "7装帧",
         "book_translator": "translator",
         "sort": 1,
         "show": true,
         "book_price": 29,
         "book_finish": true,
         "book_num": 101
      },
      {
         "book_id": 1,
         "cate_type": "报刊",
         "rank_type": "完结榜",
         "book_name": "遮天",
         "book_info": "穿越而来，她自带防毒雷达。哔哔——啥？姨该放就放国家更符合法规和法国和法国共和国法国和，更符合法规和，的合法建设的放开将，数据库的方块是德国，外加蛇蝎庶妹哔哔——呀！包办婚姻，老公还看不上该放就放国家更符合法规和法国和法国共和国法国和，更符合法规和，的合法建设的放开将，数据库的方块是古风 车系，凭她超高智商穿越而来，她自带防毒雷达。哔哔——啥？姨该放就放国家更符合法规和法国和法国共和国法国和，更符合法规和，的合法建设的放开将，数据库的方块是德国，外加蛇蝎庶妹哔哔——呀",
         "book_img": "http://www.paoshu8.com/files/article/image/1/1011/1011s.jpg",
         "book_author": "辰东",
         "book_date": "2019-10-11",
         "book_publisher": "出版社",
         "book_binding": "装帧",
         "book_translator": "translator",
         "sort": 1,
         "show": true,
         "book_price": 202,
         "book_finish": true,
         "book_num": 9999
      },
      {
         "book_id": 2,
         "cate_type": "报刊",
         "rank_type": "完结榜",
         "book_name": "斗破苍穹",
         "book_info": "穿越而来，她自带防毒雷达。哔哔——啥？姨该放就放国家更符合法规和法国和法国共和国法国和，更符合法规和，的合法建设的放开将，数据库的方块是德国，外加蛇蝎庶妹哔哔——呀！包办婚姻，老公还看不上该放就放国家更符合法规和法国和法国共和国法国和，更符合法规和，的合法建设的放开将，数据库的方块是古风 车系，凭她超高智商穿越而来，她自带防毒雷达。哔哔——啥？姨该放就放国家更符合法规和法国和法国共和国法国和，更符合法规和，的合法建设的放开将，数据库的方块是德国，外加蛇蝎庶妹哔哔——呀",
         "book_img": "https://dss1.baidu.com/6ONXsjip0QIZ8tyhnq/it/u=1714022596,3570728104&fm=179&app=35&f=JPEG?w=267&h=356&s=8111C5307F9247E35DC8A1C30300A0B7",
         "book_author": "天蚕土豆",
         "book_date": "2019-10-11",
         "book_publisher": "出版社",
         "book_binding": "装帧",
         "book_translator": "translator",
         "sort": 1,
         "show": true,
         "book_price": 151,
         "book_finish": true,
         "book_num": 1222
      },
      {
         "book_id": 3,
         "cate_type": "报刊",
         "rank_type": "完结榜",
         "book_name": "雪中悍刀行",
         "book_info": "穿越而来，她自带防毒雷达。哔哔——啥？姨该放就放国家更符合法规和法国和法国共和国法国和，更符合法规和，的合法建设的放开将，数据库的方块是德国，外加蛇蝎庶妹哔哔——呀！包办婚姻，老公还看不上该放就放国家更符合法规和法国和法国共和国法国和，更符合法规和，的合法建设的放开将，数据库的方块是古风 车系，凭她超高智商穿越而来，她自带防毒雷达。哔哔——啥？姨该放就放国家更符合法规和法国和法国共和国法国和，更符合法规和，的合法建设的放开将，数据库的方块是德国，外加蛇蝎庶妹哔哔——呀",
         "book_img": "https://www.12zw.com/d/image/0/761/761s.jpg",
         "book_author": "烽火戏诸侯",
         "book_date": "2019-10-11",
         "book_publisher": "出版社",
         "book_binding": "装帧",
         "book_translator": "translator",
         "sort": 1,
         "show": true,
         "book_price": 119,
         "book_finish": true,
         "book_num": 77
      },
      {
         "book_id": 4,
         "cate_type": "报刊",
         "rank_type": "完结榜",
         "book_name": "教育周刊",
         "book_info": "穿越而来，她自带防毒雷达。哔哔——啥？姨该放就放国家更符合法规和法国和法国共和国法国和，更符合法规和，的合法建设的放开将，数据库的方块是德国，外加蛇蝎庶妹哔哔——呀！包办婚姻，老公还看不上该放就放国家更符合法规和法国和法国共和国法国和，更符合法规和，的合法建设的放开将，数据库的方块是古风 车系，凭她超高智商穿越而来，她自带防毒雷达。哔哔——啥？姨该放就放国家更符合法规和法国和法国共和国法国和，更符合法规和，的合法建设的放开将，数据库的方块是德国，外加蛇蝎庶妹哔哔——呀",
         "book_img": "http://qk1.whjcmm.com/upload/img/20150120/20150120173029611.jpg",
         "book_author": "作者",
         "book_date": "2019-10-11",
         "book_publisher": "出版社",
         "book_binding": "装帧",
         "book_translator": "translator",
         "sort": 1,
         "show": true,
         "book_price": 29,
         "book_finish": false,
         "book_num": 66
      },
      {
         "book_id": 5,
         "cate_type": "报刊",
         "rank_type": "完结榜",
         "book_name": "神墓",
         "book_info": "穿越而来，她自带防毒雷达。哔哔——啥？姨该放就放国家更符合法规和法国和法国共和国法国和，更符合法规和，的合法建设的放开将，数据库的方块是德国，外加蛇蝎庶妹哔哔——呀！包办婚姻，老公还看不上该放就放国家更符合法规和法国和法国共和国法国和，更符合法规和，的合法建设的放开将，数据库的方块是古风 车系，凭她超高智商穿越而来，她自带防毒雷达。哔哔——啥？姨该放就放国家更符合法规和法国和法国共和国法国和，更符合法规和，的合法建设的放开将，数据库的方块是德国，外加蛇蝎庶妹哔哔——呀",
         "book_img": "https://www.booktxt.net/files/article/image/1/1239/1239s.jpg",
         "book_author": "辰东",
         "book_date": "2019-10-11",
         "book_publisher": "出版社",
         "book_binding": "装帧",
         "book_translator": "translator",
         "sort": 1,
         "show": true,
         "book_price": 110,
         "book_finish": true,
         "book_num": 888
      },
      {
         "book_id": 6,
         "cate_type": "报刊",
         "rank_type": "完结榜",
         "book_name": "一品神官",
         "book_info": "穿越而来，她自带防毒雷达。哔哔——啥？姨该放就放国家更符合法规和法国和法国共和国法国和，更符合法规和，的合法建设的放开将，数据库的方块是德国，外加蛇蝎庶妹哔哔——呀！包办婚姻，老公还看不上该放就放国家更符合法规和法国和法国共和国法国和，更符合法规和，的合法建设的放开将，数据库的方块是古风 车系，凭她超高智商穿越而来，她自带防毒雷达。哔哔——啥？姨该放就放国家更符合法规和法国和法国共和国法国和，更符合法规和，的合法建设的放开将，数据库的方块是德国，外加蛇蝎庶妹哔哔——呀",
         "book_img": "http://bookcover.yuewen.com/qdbimg/349573/1024287072",
         "book_author": "作者",
         "book_date": "2019-10-11",
         "book_publisher": "出版社",
         "book_binding": "装帧",
         "book_translator": "translator",
         "sort": 1,
         "show": true,
         "book_price": 32,
         "book_finish": false,
         "book_num": 222
      },
      {
         "book_id": 7,
         "cate_type": "报刊",
         "rank_type": "完结榜",
         "book_name": "完美世界",
         "book_info": "穿越而来，她自带防毒雷达。哔哔——啥？姨该放就放国家更符合法规和法国和法国共和国法国和，更符合法规和，的合法建设的放开将，数据库的方块是德国，外加蛇蝎庶妹哔哔——呀！包办婚姻，老公还看不上该放就放国家更符合法规和法国和法国共和国法国和，更符合法规和，的合法建设的放开将，数据库的方块是古风 车系，凭她超高智商穿越而来，她自带防毒雷达。哔哔——啥？姨该放就放国家更符合法规和法国和法国共和国法国和，更符合法规和，的合法建设的放开将，数据库的方块是德国，外加蛇蝎庶妹哔哔——呀",
         "book_img": "http://bookcover.yuewen.com/qdbimg/349573/2952453",
         "book_author": "辰东",
         "book_date": "2019-10-11",
         "book_publisher": "出版社",
         "book_binding": "装帧",
         "book_translator": "translator",
         "sort": 1,
         "show": true,
         "book_price": 88,
         "book_finish": true,
         "book_num": 777
      },
      {
         "book_id": 8,
         "cate_type": "报刊",
         "rank_type": "完结榜",
         "book_name": "绝世武神",
         "book_info": "穿越而来，她自带防毒雷达。哔哔——啥？姨该放就放国家更符合法规和法国和法国共和国法国和，更符合法规和，的合法建设的放开将，数据库的方块是德国，外加蛇蝎庶妹哔哔——呀！包办婚姻，老公还看不上该放就放国家更符合法规和法国和法国共和国法国和，更符合法规和，的合法建设的放开将，数据库的方块是古风 车系，凭她超高智商穿越而来，她自带防毒雷达。哔哔——啥？姨该放就放国家更符合法规和法国和法国共和国法国和，更符合法规和，的合法建设的放开将，数据库的方块是德国，外加蛇蝎庶妹哔哔——呀",
         "book_img": "http://bookcover.yuewen.com/qdbimg/349573/1015887003",
         "book_author": "净无痕",
         "book_date": "2019-10-11",
         "book_publisher": "出版社",
         "book_binding": "装帧",
         "book_translator": "translator",
         "sort": 1,
         "show": true,
         "book_price": 66,
         "book_finish": true,
         "book_num": 666
      },
      {
         "book_id": 9,
         "cate_type": "报刊",
         "rank_type": "完结榜",
         "book_name": "武极天下",
         "book_info": "穿越而来，她自带防毒雷达。哔哔——啥？姨该放就放国家更符合法规和法国和法国共和国法国和，更符合法规和，的合法建设的放开将，数据库的方块是德国，外加蛇蝎庶妹哔哔——呀！包办婚姻，老公还看不上该放就放国家更符合法规和法国和法国共和国法国和，更符合法规和，的合法建设的放开将，数据库的方块是古风 车系，凭她超高智商穿越而来，她自带防毒雷达。哔哔——啥？姨该放就放国家更符合法规和法国和法国共和国法国和，更符合法规和，的合法建设的放开将，数据库的方块是德国，外加蛇蝎庶妹哔哔——呀",
         "book_img": "http://bookcover.yuewen.com/qdbimg/349573/2470949",
         "book_author": "蚕茧里的牛",
         "book_date": "2019-10-11",
         "book_publisher": "出版社",
         "book_binding": "装帧",
         "book_translator": "translator",
         "sort": 1,
         "show": true,
         "book_price": 60,
         "book_finish": true,
         "book_num": 400
      }
   ],
   "article_data": [
      {
         "book_id": 1,
         "cate_type": "magazine",
         "book_name": "走进来",
         "book_info": "真的是穿越而来，她自带防毒雷达。哔哔——啥？姨该放就放国家更符合法规和法国和法国共和国法国和，更符合法规和，的合法建设的放开将，数据库的方块是德国，外加蛇蝎庶妹哔哔——呀！包办婚姻，老公还看不上该放就放国家更符合法规和法国和法国共和国法国和，更符合法规和，的合法建设的放开将，数据库的方块是古风 车系，凭她超高智商穿越而来，她自带防毒雷达。哔哔——啥？姨该放就放国家更符合法规和法国和法国共和国法国和，更符合法规和，的合法建设的放开将，数据库的方块是德国，外加蛇蝎庶妹哔哔——呀",
         "book_img": "http://qk1.whjcmm.com/upload/img/20150120/20150120173029611.jpg",
         "book_author": "作者1",
         "book_date": "2019-10-11",
         "book_publisher": "出版社1",
         "book_binding": "装帧1",
         "book_translator": "translator",
         "sort": 1,
         "show": true,
         "book_price": 77,
         "book_finish": false,
         "book_num": 900
      },
      {
         "book_id": 2,
         "cate_type": "magazine",
         "book_name": "秀",
         "book_info": "真的是穿越而来，她自带防毒雷达。哔哔——啥？姨该放就放国家更符合法规和法国和法国共和国法国和，更符合法规和，的合法建设的放开将，数据库的方块是德国，外加蛇蝎庶妹哔哔——呀！包办婚姻，老公还看不上该放就放国家更符合法规和法国和法国共和国法国和，更符合法规和，的合法建设的放开将，数据库的方块是古风 车系，凭她超高智商穿越而来，她自带防毒雷达。哔哔——啥？姨该放就放国家更符合法规和法国和法国共和国法国和，更符合法规和，的合法建设的放开将，数据库的方块是德国，外加蛇蝎庶妹哔哔——呀",
         "book_img": "http://qk1.whjcmm.com/upload/img/20150120/20150120173029611.jpg",
         "book_author": "作者2",
         "book_date": "2019-10-11",
         "book_publisher": "出版社2",
         "book_binding": "装帧2",
         "book_translator": "translator",
         "sort": 1,
         "show": true,
         "book_price": 36,
         "book_finish": false,
         "book_num": 100
      },
      {
         "book_id": 3,
         "cate_type": "magazine",
         "book_name": "模特之路",
         "book_info": "真的是穿越而来，她自带防毒雷达。哔哔——啥？姨该放就放国家更符合法规和法国和法国共和国法国和，更符合法规和，的合法建设的放开将，数据库的方块是德国，外加蛇蝎庶妹哔哔——呀！包办婚姻，老公还看不上该放就放国家更符合法规和法国和法国共和国法国和，更符合法规和，的合法建设的放开将，数据库的方块是古风 车系，凭她超高智商穿越而来，她自带防毒雷达。哔哔——啥？姨该放就放国家更符合法规和法国和法国共和国法国和，更符合法规和，的合法建设的放开将，数据库的方块是德国，外加蛇蝎庶妹哔哔——呀",
         "book_img": "http://qk1.whjcmm.com/upload/img/20150120/20150120173029611.jpg",
         "book_author": "作者3",
         "book_date": "2019-10-11",
         "book_publisher": "出版社3",
         "book_binding": "装帧3",
         "book_translator": "translator",
         "sort": 1,
         "show": true,
         "book_price": 10,
         "book_finish": false,
         "book_num": 300
      },
      {
         "book_id": 4,
         "cate_type": "magazine",
         "book_name": "艰辛之路",
         "book_info": "真的是穿越而来，她自带防毒雷达。哔哔——啥？姨该放就放国家更符合法规和法国和法国共和国法国和，更符合法规和，的合法建设的放开将，数据库的方块是德国，外加蛇蝎庶妹哔哔——呀！包办婚姻，老公还看不上该放就放国家更符合法规和法国和法国共和国法国和，更符合法规和，的合法建设的放开将，数据库的方块是古风 车系，凭她超高智商穿越而来，她自带防毒雷达。哔哔——啥？姨该放就放国家更符合法规和法国和法国共和国法国和，更符合法规和，的合法建设的放开将，数据库的方块是德国，外加蛇蝎庶妹哔哔——呀",
         "book_img": "http://qk1.whjcmm.com/upload/img/20150120/20150120173029611.jpg",
         "book_author": "作者4",
         "book_date": "2019-10-11",
         "book_publisher": "出版社4",
         "book_binding": "装帧4",
         "book_translator": "translator",
         "sort": 1,
         "show": true,
         "book_price": 20,
         "book_finish": true,
         "book_num": 201
      },
      {
         "book_id": 5,
         "cate_type": "magazine",
         "book_name": "不一样吧",
         "book_info": "真的是穿越而来，她自带防毒雷达。哔哔——啥？姨该放就放国家更符合法规和法国和法国共和国法国和，更符合法规和，的合法建设的放开将，数据库的方块是德国，外加蛇蝎庶妹哔哔——呀！包办婚姻，老公还看不上该放就放国家更符合法规和法国和法国共和国法国和，更符合法规和，的合法建设的放开将，数据库的方块是古风 车系，凭她超高智商穿越而来，她自带防毒雷达。哔哔——啥？姨该放就放国家更符合法规和法国和法国共和国法国和，更符合法规和，的合法建设的放开将，数据库的方块是德国，外加蛇蝎庶妹哔哔——呀",
         "book_img": "http://qk1.whjcmm.com/upload/img/20150120/20150120173029611.jpg",
         "book_author": "作者5",
         "book_date": "2019-10-11",
         "book_publisher": "出版社5",
         "book_binding": "装帧5",
         "book_translator": "translator",
         "sort": 1,
         "show": true,
         "book_price": 20,
         "book_finish": true,
         "book_num": 99
      },
      {
         "book_id": 6,
         "cate_type": "magazine",
         "book_name": "不一样的井柏然",
         "book_info": "真的是穿越而来，她自带防毒雷达。哔哔——啥？姨该放就放国家更符合法规和法国和法国共和国法国和，更符合法规和，的合法建设的放开将，数据库的方块是德国，外加蛇蝎庶妹哔哔——呀！包办婚姻，老公还看不上该放就放国家更符合法规和法国和法国共和国法国和，更符合法规和，的合法建设的放开将，数据库的方块是古风 车系，凭她超高智商穿越而来，她自带防毒雷达。哔哔——啥？姨该放就放国家更符合法规和法国和法国共和国法国和，更符合法规和，的合法建设的放开将，数据库的方块是德国，外加蛇蝎庶妹哔哔——呀",
         "book_img": "http://qk1.whjcmm.com/upload/img/20150120/20150120173029611.jpg",
         "book_author": "作者6",
         "book_date": "2019-10-11",
         "book_publisher": "出版社6",
         "book_binding": "装帧6",
         "book_translator": "translator",
         "sort": 1,
         "show": true,
         "book_price": 30,
         "book_finish": true,
         "book_num": 101
      },
      {
         "book_id": 7,
         "cate_type": "magazine",
         "book_name": "爱自由",
         "book_info": "真的是穿越而来，她自带防毒雷达。哔哔——啥？姨该放就放国家更符合法规和法国和法国共和国法国和，更符合法规和，的合法建设的放开将，数据库的方块是德国，外加蛇蝎庶妹哔哔——呀！包办婚姻，老公还看不上该放就放国家更符合法规和法国和法国共和国法国和，更符合法规和，的合法建设的放开将，数据库的方块是古风 车系，凭她超高智商穿越而来，她自带防毒雷达。哔哔——啥？姨该放就放国家更符合法规和法国和法国共和国法国和，更符合法规和，的合法建设的放开将，数据库的方块是德国，外加蛇蝎庶妹哔哔——呀",
         "book_img": "http://qk1.whjcmm.com/upload/img/20150120/20150120173029611.jpg",
         "book_author": "作者7",
         "book_date": "2019-10-11",
         "book_publisher": "出版社7",
         "book_binding": "装帧7",
         "book_translator": "translator",
         "sort": 1,
         "show": true,
         "book_price": 70,
         "book_finish": false,
         "book_num": 101
      },
      {
         "book_id": 8,
         "cate_type": "magazine",
         "book_name": "小爷要当艺术家",
         "book_info": "真的是穿越而来，她自带防毒雷达。哔哔——啥？姨该放就放国家更符合法规和法国和法国共和国法国和，更符合法规和，的合法建设的放开将，数据库的方块是德国，外加蛇蝎庶妹哔哔——呀！包办婚姻，老公还看不上该放就放国家更符合法规和法国和法国共和国法国和，更符合法规和，的合法建设的放开将，数据库的方块是古风 车系，凭她超高智商穿越而来，她自带防毒雷达。哔哔——啥？姨该放就放国家更符合法规和法国和法国共和国法国和，更符合法规和，的合法建设的放开将，数据库的方块是德国，外加蛇蝎庶妹哔哔——呀",
         "book_img": "http://qk1.whjcmm.com/upload/img/20150120/20150120173029611.jpg",
         "book_author": "作者8",
         "book_date": "2019-10-11",
         "book_publisher": "出版社8",
         "book_binding": "装帧8",
         "book_translator": "translator",
         "sort": 1,
         "show": true,
         "book_price": 50,
         "book_finish": false,
         "book_num": 101
      },
      {
         "book_id": 9,
         "cate_type": "magazine",
         "book_name": "天秀",
         "book_info": "真的是穿越而来，她自带防毒雷达。哔哔——啥？姨该放就放国家更符合法规和法国和法国共和国法国和，更符合法规和，的合法建设的放开将，数据库的方块是德国，外加蛇蝎庶妹哔哔——呀！包办婚姻，老公还看不上该放就放国家更符合法规和法国和法国共和国法国和，更符合法规和，的合法建设的放开将，数据库的方块是古风 车系，凭她超高智商穿越而来，她自带防毒雷达。哔哔——啥？姨该放就放国家更符合法规和法国和法国共和国法国和，更符合法规和，的合法建设的放开将，数据库的方块是德国，外加蛇蝎庶妹哔哔——呀",
         "book_img": "http://qk1.whjcmm.com/upload/img/20150120/20150120173029611.jpg",
         "book_author": "作者9",
         "book_date": "2019-10-11",
         "book_publisher": "出版社9",
         "book_binding": "装帧9",
         "book_translator": "translator",
         "sort": 1,
         "show": true,
         "book_price": 60,
         "book_finish": true,
         "book_num": 102
      },
      {
         "book_id": 10,
         "cate_type": "magazine",
         "book_name": "男人装",
         "book_info": "真的是穿越而来，她自带防毒雷达。哔哔——啥？姨该放就放国家更符合法规和法国和法国共和国法国和，更符合法规和，的合法建设的放开将，数据库的方块是德国，外加蛇蝎庶妹哔哔——呀！包办婚姻，老公还看不上该放就放国家更符合法规和法国和法国共和国法国和，更符合法规和，的合法建设的放开将，数据库的方块是古风 车系，凭她超高智商穿越而来，她自带防毒雷达。哔哔——啥？姨该放就放国家更符合法规和法国和法国共和国法国和，更符合法规和，的合法建设的放开将，数据库的方块是德国，外加蛇蝎庶妹哔哔——呀",
         "book_img": "http://qk1.whjcmm.com/upload/img/20150120/20150120173029611.jpg",
         "book_author": "作者10",
         "book_date": "2019-10-11",
         "book_publisher": "出版社10",
         "book_binding": "装帧10",
         "book_translator": "translator",
         "sort": 1,
         "show": true,
         "book_price": 90,
         "book_finish": true,
         "book_num": 101
      }
   ],
   "page_now": 0,
   "all_books": 999,
   "page_num": 6
}