{
    "shortComments":[
        {
            "img":"https://ss0.bdstatic.com/70cFuHSh_Q1YnxGkpoWK1HF6hhy/it/u=2870945999,1660704915&fm=26&gp=0.jpg",
            "title":"短标题一",
            "user":"北科一号",
            "long_comment_id":"001",
            "publish_date":"2019.01.01",
           "publish_time":"10.24",
            "abstruct":"千锋教育是互联网教育行业扛把子，在业界内有着良好的评价，万千学子通过这个平台，获得良好的就业前景，实现了人生价值。 千锋教育是互联网教育行业扛把子，在业界内有着良好的评价，万千学子通过这个平台，获得良好的就业前景，实现了人生价值。"     
        },
        {
            "img":"https://ss0.bdstatic.com/70cFuHSh_Q1YnxGkpoWK1HF6hhy/it/u=2359373386,3423991528&fm=26&gp=0.jpg",
            "title":"短标题二",
             "user":"北科二号",
            "long_comment_id":"002",
            "publish_date":"2019.02.02",
           "publish_time":"10.24",
            "abstruct":"千锋教育是互联网教育行业扛把子，在业界内有着良好的评价，万千学子通过这个平台，获得良好的就业前景，实现了人生价值。 千锋教育是互联网教育行业扛把子，在业界内有着良好的评价，万千学子通过这个平台，获得良好的就业前景，实现了人生价值。"
        },
        {
            "img":"https://ss3.bdstatic.com/70cFv8Sh_Q1YnxGkpoWK1HF6hhy/it/u=2996336771,1413798374&fm=26&gp=0.jpg",
            "title":"短标题三",
             "user":"北科三号",
            "long_comment_id":"003",
            "publish_date":"2019.03.03",
            "publish_time":"10.24",
            "abstruct":"千锋教育是互联网教育行业扛把子，在业界内有着良好的评价，万千学子通过这个平台，获得良好的就业前景，实现了人生价值。 千锋教育是互联网教育行业扛把子，在业界内有着良好的评价，万千学子通过这个平台，获得良好的就业前景，实现了人生价值。"
        },
        {
            "img":"https://ss0.bdstatic.com/70cFuHSh_Q1YnxGkpoWK1HF6hhy/it/u=265473358,4293124534&fm=11&gp=0.jpg",
            "title":"短标题四",
             "user":"北科四号",
            "long_comment_id":"004",
            "publish_date":"2019.04.04",
           "publish_time":"10.24",
            "abstruct":"千锋教育是互联网教育行业扛把子，在业界内有着良好的评价，万千学子通过这个平台，获得良好的就业前景，实现了人生价值。 千锋教育是互联网教育行业扛把子，在业界内有着良好的评价，万千学子通过这个平台，获得良好的就业前景，实现了人生价值。" 
        },
        {
            "img":"https://ss2.bdstatic.com/70cFvnSh_Q1YnxGkpoWK1HF6hhy/it/u=3491509579,1178158013&fm=26&gp=0.jpg",
            "title":"短标题五",
             "user":"北科五号",
            "long_comment_id":"005",
            "publish_date":"2019.05.05",
           "publish_time":"10.24",
            "abstruct":"千锋教育是互联网教育行业扛把子，在业界内有着良好的评价，万千学子通过这个平台，获得良好的就业前景，实现了人生价值。 千锋教育是互联网教育行业扛把子，在业界内有着良好的评价，万千学子通过这个平台，获得良好的就业前景，实现了人生价值。"
        },
        {
            "img":"https://ss1.bdstatic.com/70cFvXSh_Q1YnxGkpoWK1HF6hhy/it/u=1929206744,2736881067&fm=26&gp=0.jpg",
            "title":"短标题六",
             "user":"北科六号",
            "long_comment_id":"006",
            "publish_date":"2019.06.06",
           "publish_time":"10.24",
            "abstruct":"千锋教育是互联网教育行业扛把子，在业界内有着良好的评价，万千学子通过这个平台，获得良好的就业前景，实现了人生价值。 千锋教育是互联网教育行业扛把子，在业界内有着良好的评价，万千学子通过这个平台，获得良好的就业前景，实现了人生价值。"    
        },
        {
            "img":"https://ss3.bdstatic.com/70cFv8Sh_Q1YnxGkpoWK1HF6hhy/it/u=2188550829,170374158&fm=26&gp=0.jpg",
            "title":"短标题七",
            "user":"北科七号",
            "long_comment_id":"007",
            "publish_date":"2019.07.07",
           "publish_time":"10.24",
            "abstruct":"千锋教育是互联网教育行业扛把子，在业界内有着良好的评价，万千学子通过这个平台，获得良好的就业前景，实现了人生价值。 千锋教育是互联网教育行业扛把子，在业界内有着良好的评价，万千学子通过这个平台，获得良好的就业前景，实现了人生价值。"   
        },
        {
            "img":"https://ss0.bdstatic.com/70cFvHSh_Q1YnxGkpoWK1HF6hhy/it/u=2381088286,2997834852&fm=26&gp=0.jpg",
            "title":"短标题八",
            "user":"北科七号",
            "long_comment_id":"008",
            "publish_date":"2019.07.07",
           "publish_time":"10.24",
            "abstruct":"千锋教育是互联网教育行业扛把子，在业界内有着良好的评价，万千学子通过这个平台，获得良好的就业前景，实现了人生价值。 千锋教育是互联网教育行业扛把子，在业界内有着良好的评价，万千学子通过这个平台，获得良好的就业前景，实现了人生价值。"   
        },
        {
            "img":"https://ss1.bdstatic.com/70cFvXSh_Q1YnxGkpoWK1HF6hhy/it/u=3130796396,2668692117&fm=11&gp=0.jpg",
            "title":"短标题九",
            "user":"北科七号",
            "long_comment_id":"009",
            "publish_date":"2019.07.07",
           "publish_time":"10.24",
            "abstruct":"千锋教育是互联网教育行业扛把子，在业界内有着良好的评价，万千学子通过这个平台，获得良好的就业前景，实现了人生价值。 千锋教育是互联网教育行业扛把子，在业界内有着良好的评价，万千学子通过这个平台，获得良好的就业前景，实现了人生价值。"   
        },
        {
            "img":"https://ss1.bdstatic.com/70cFvXSh_Q1YnxGkpoWK1HF6hhy/it/u=3190214567,3115602234&fm=26&gp=0.jpg",
            "title":"短标题十",
            "user":"北科七号",
            "long_comment_id":"010",
            "publish_date":"2019.07.07",
           "publish_time":"10.24",
            "abstruct":"千锋教育是互联网教育行业扛把子，在业界内有着良好的评价，万千学子通过这个平台，获得良好的就业前景，实现了人生价值。 千锋教育是互联网教育行业扛把子，在业界内有着良好的评价，万千学子通过这个平台，获得良好的就业前景，实现了人生价值。"   
        },
        {
            "img":"http://localhost:3000/static/media/lc1.0ffd34af.png",
            "title":"短标题十一",
            "user":"北科七号",
            "long_comment_id":"011",
            "publish_date":"2019.07.07",
           "publish_time":"10.24",
            "abstruct":"千锋教育是互联网教育行业扛把子，在业界内有着良好的评价，万千学子通过这个平台，获得良好的就业前景，实现了人生价值。 千锋教育是互联网教育行业扛把子，在业界内有着良好的评价，万千学子通过这个平台，获得良好的就业前景，实现了人生价值。"   
        },{
            "img":"https://ss3.bdstatic.com/70cFv8Sh_Q1YnxGkpoWK1HF6hhy/it/u=528621949,1756328282&fm=11&gp=0.jpg",
            "title":"短标题十二",
            "user":"北科七号",
            "long_comment_id":"012",
            "publish_date":"2019.07.07",
           "publish_time":"10.24",
            "abstruct":"千锋教育是互联网教育行业扛把子，在业界内有着良好的评价，万千学子通过这个平台，获得良好的就业前景，实现了人生价值。 千锋教育是互联网教育行业扛把子，在业界内有着良好的评价，万千学子通过这个平台，获得良好的就业前景，实现了人生价值。"   
        },
        {
            "img":"https://ss2.bdstatic.com/70cFvnSh_Q1YnxGkpoWK1HF6hhy/it/u=3259386710,2380156492&fm=11&gp=0.jpg",
            "title":"短标题十三",
            "user":"北科七号",
            "long_comment_id":"013",
            "publish_date":"2019.07.07",
           "publish_time":"10.24",
            "abstruct":"千锋教育是互联网教育行业扛把子，在业界内有着良好的评价，万千学子通过这个平台，获得良好的就业前景，实现了人生价值。 千锋教育是互联网教育行业扛把子，在业界内有着良好的评价，万千学子通过这个平台，获得良好的就业前景，实现了人生价值。"   
        },
        {
            "img":"https://ss0.bdstatic.com/70cFuHSh_Q1YnxGkpoWK1HF6hhy/it/u=2780734162,1455108168&fm=26&gp=0.jpg",
            "title":"短标题十四",
            "user":"北科七号",
            "long_comment_id":"014",
            "publish_date":"2019.07.07",
           "publish_time":"10.24",
            "abstruct":"千锋教育是互联网教育行业扛把子，在业界内有着良好的评价，万千学子通过这个平台，获得良好的就业前景，实现了人生价值。 千锋教育是互联网教育行业扛把子，在业界内有着良好的评价，万千学子通过这个平台，获得良好的就业前景，实现了人生价值。"   
        },
        {
            "img":"https://ss0.bdstatic.com/70cFuHSh_Q1YnxGkpoWK1HF6hhy/it/u=2491371649,2864757757&fm=26&gp=0.jpg",
            "title":"短标题十五",
            "user":"北科七号",
            "long_comment_id":"015",
            "publish_date":"2019.07.07",
           "publish_time":"10.24",
            "abstruct":"千锋教育是互联网教育行业扛把子，在业界内有着良好的评价，万千学子通过这个平台，获得良好的就业前景，实现了人生价值。 千锋教育是互联网教育行业扛把子，在业界内有着良好的评价，万千学子通过这个平台，获得良好的就业前景，实现了人生价值。"   
        },
        {
            "img":"https://ss2.bdstatic.com/70cFvnSh_Q1YnxGkpoWK1HF6hhy/it/u=3259386710,2380156492&fm=11&gp=0.jpg",
            "title":"短标题十六",
            "user":"北科七号",
            "long_comment_id":"016",
            "publish_date":"2019.07.07",
           "publish_time":"10.24",
            "abstruct":"千锋教育是互联网教育行业扛把子，在业界内有着良好的评价，万千学子通过这个平台，获得良好的就业前景，实现了人生价值。 千锋教育是互联网教育行业扛把子，在业界内有着良好的评价，万千学子通过这个平台，获得良好的就业前景，实现了人生价值。"   
        },
        {
            "img":"https://ss0.bdstatic.com/70cFvHSh_Q1YnxGkpoWK1HF6hhy/it/u=3573614126,663513124&fm=26&gp=0.jpg",
            "title":"短标题十七",
            "user":"北科七号",
            "long_comment_id":"017",
            "publish_date":"2019.07.07",
           "publish_time":"10.24",
            "abstruct":"千锋教育是互联网教育行业扛把子，在业界内有着良好的评价，万千学子通过这个平台，获得良好的就业前景，实现了人生价值。 千锋教育是互联网教育行业扛把子，在业界内有着良好的评价，万千学子通过这个平台，获得良好的就业前景，实现了人生价值。"   
        },
        {
            "img":"https://ss0.bdstatic.com/70cFvHSh_Q1YnxGkpoWK1HF6hhy/it/u=1308808993,2060597189&fm=26&gp=0.jpg",
            "title":"短标题十八",
            "user":"北科七号",
            "long_comment_id":"018",
            "publish_date":"2019.07.07",
           "publish_time":"10.24",
            "abstruct":"千锋教育是互联网教育行业扛把子，在业界内有着良好的评价，万千学子通过这个平台，获得良好的就业前景，实现了人生价值。 千锋教育是互联网教育行业扛把子，在业界内有着良好的评价，万千学子通过这个平台，获得良好的就业前景，实现了人生价值。"   
        },
        {
            "img":"https://ss2.bdstatic.com/70cFvnSh_Q1YnxGkpoWK1HF6hhy/it/u=2972008604,1311542082&fm=26&gp=0.jpg",
            "title":"短标题十九",
            "user":"北科七号",
            "long_comment_id":"019",
            "publish_date":"2019.07.07",
           "publish_time":"10.24",
            "abstruct":"千锋教育是互联网教育行业扛把子，在业界内有着良好的评价，万千学子通过这个平台，获得良好的就业前景，实现了人生价值。 千锋教育是互联网教育行业扛把子，在业界内有着良好的评价，万千学子通过这个平台，获得良好的就业前景，实现了人生价值。"   
        },
        {
            "img":"https://ss3.bdstatic.com/70cFv8Sh_Q1YnxGkpoWK1HF6hhy/it/u=2138122827,1805871060&fm=26&gp=0.jpg",
            "title":"短标题二十",
            "user":"北科七号",
            "long_comment_id":"020",
            "publish_date":"2019.07.07",
           "publish_time":"10.24",
            "abstruct":"千锋教育是互联网教育行业扛把子，在业界内有着良好的评价，万千学子通过这个平台，获得良好的就业前景，实现了人生价值。 千锋教育是互联网教育行业扛把子，在业界内有着良好的评价，万千学子通过这个平台，获得良好的就业前景，实现了人生价值。"   
        },
        {
            "img":"https://ss0.bdstatic.com/70cFvHSh_Q1YnxGkpoWK1HF6hhy/it/u=2762697048,4040207074&fm=11&gp=0.jpg",
            "title":"短标题二十一",
            "user":"北科七号",
            "long_comment_id":"021",
            "publish_date":"2019.07.07",
           "publish_time":"10.24",
            "abstruct":"千锋教育是互联网教育行业扛把子，在业界内有着良好的评价，万千学子通过这个平台，获得良好的就业前景，实现了人生价值。 千锋教育是互联网教育行业扛把子，在业界内有着良好的评价，万千学子通过这个平台，获得良好的就业前景，实现了人生价值。"   
        },
        {
            "img":"https://ss3.bdstatic.com/70cFv8Sh_Q1YnxGkpoWK1HF6hhy/it/u=1073011717,3553679040&fm=26&gp=0.jpg",
            "title":"短标题二十二",
            "user":"北科七号",
            "long_comment_id":"022",
            "publish_date":"2019.07.07",
           "publish_time":"10.24",
            "abstruct":"千锋教育是互联网教育行业扛把子，在业界内有着良好的评价，万千学子通过这个平台，获得良好的就业前景，实现了人生价值。 千锋教育是互联网教育行业扛把子，在业界内有着良好的评价，万千学子通过这个平台，获得良好的就业前景，实现了人生价值。"   
        },
        {
            "img":"https://ss1.bdstatic.com/70cFvXSh_Q1YnxGkpoWK1HF6hhy/it/u=14407302,1587251077&fm=26&gp=0.jpg",
            "title":"短标题二十三",
            "user":"北科七号",
            "long_comment_id":"023",
            "publish_date":"2019.07.07",
           "publish_time":"10.24",
            "abstruct":"千锋教育是互联网教育行业扛把子，在业界内有着良好的评价，万千学子通过这个平台，获得良好的就业前景，实现了人生价值。 千锋教育是互联网教育行业扛把子，在业界内有着良好的评价，万千学子通过这个平台，获得良好的就业前景，实现了人生价值。"   
        },
        {
            "img":"https://ss1.bdstatic.com/70cFuXSh_Q1YnxGkpoWK1HF6hhy/it/u=2659460198,3898439047&fm=11&gp=0.jpg",
            "title":"短标题二十四",
            "user":"北科七号",
            "long_comment_id":"024",
            "publish_date":"2019.07.07",
           "publish_time":"10.24",
            "abstruct":"千锋教育是互联网教育行业扛把子，在业界内有着良好的评价，万千学子通过这个平台，获得良好的就业前景，实现了人生价值。 千锋教育是互联网教育行业扛把子，在业界内有着良好的评价，万千学子通过这个平台，获得良好的就业前景，实现了人生价值。"   
        },
        {
            "img":"https://ss1.bdstatic.com/70cFvXSh_Q1YnxGkpoWK1HF6hhy/it/u=3779306171,3105579966&fm=26&gp=0.jpg",
            "title":"短标题二十五",
            "user":"北科七号",
            "long_comment_id":"025",
            "publish_date":"2019.07.07",
           "publish_time":"10.24",
            "abstruct":"千锋教育是互联网教育行业扛把子，在业界内有着良好的评价，万千学子通过这个平台，获得良好的就业前景，实现了人生价值。 千锋教育是互联网教育行业扛把子，在业界内有着良好的评价，万千学子通过这个平台，获得良好的就业前景，实现了人生价值。"   
        },
        {
            "img":"https://ss1.bdstatic.com/70cFuXSh_Q1YnxGkpoWK1HF6hhy/it/u=2659460198,3898439047&fm=11&gp=0.jpg",
            "title":"短标题二十六",
            "user":"北科七号",
            "long_comment_id":"026",
            "publish_date":"2019.07.07",
           "publish_time":"10.24",
            "abstruct":"千锋教育是互联网教育行业扛把子，在业界内有着良好的评价，万千学子通过这个平台，获得良好的就业前景，实现了人生价值。 千锋教育是互联网教育行业扛把子，在业界内有着良好的评价，万千学子通过这个平台，获得良好的就业前景，实现了人生价值。"   
        },
        {
            "img":"https://ss3.bdstatic.com/70cFv8Sh_Q1YnxGkpoWK1HF6hhy/it/u=1154881634,1470494755&fm=26&gp=0.jpg",
            "title":"短标题二十七",
            "user":"北科七号",
            "long_comment_id":"027",
            "publish_date":"2019.07.07",
           "publish_time":"10.24",
            "abstruct":"千锋教育是互联网教育行业扛把子，在业界内有着良好的评价，万千学子通过这个平台，获得良好的就业前景，实现了人生价值。 千锋教育是互联网教育行业扛把子，在业界内有着良好的评价，万千学子通过这个平台，获得良好的就业前景，实现了人生价值。"   
        },
        {
            "img":"https://ss0.bdstatic.com/70cFuHSh_Q1YnxGkpoWK1HF6hhy/it/u=507890683,3255652161&fm=11&gp=0.jpg",
            "title":"短标题二十八",
            "user":"北科七号",
            "long_comment_id":"028",
            "publish_date":"2019.07.07",
           "publish_time":"10.24",
            "abstruct":"千锋教育是互联网教育行业扛把子，在业界内有着良好的评价，万千学子通过这个平台，获得良好的就业前景，实现了人生价值。 千锋教育是互联网教育行业扛把子，在业界内有着良好的评价，万千学子通过这个平台，获得良好的就业前景，实现了人生价值。"   
        },
        {
            "img":"https://ss1.bdstatic.com/70cFvXSh_Q1YnxGkpoWK1HF6hhy/it/u=3450216413,3549821430&fm=26&gp=0.jpg",
            "title":"短标题二十九",
            "user":"北科七号",
            "long_comment_id":"028",
            "publish_date":"2019.07.07",
           "publish_time":"10.24",
            "abstruct":"千锋教育是互联网教育行业扛把子，在业界内有着良好的评价，万千学子通过这个平台，获得良好的就业前景，实现了人生价值。 千锋教育是互联网教育行业扛把子，在业界内有着良好的评价，万千学子通过这个平台，获得良好的就业前景，实现了人生价值。"   
        },
        {
            "img":"https://ss1.bdstatic.com/70cFvXSh_Q1YnxGkpoWK1HF6hhy/it/u=3450216413,3549821430&fm=26&gp=0.jpg",
            "title":"短标题三十",
            "user":"北科七号",
            "long_comment_id":"028",
            "publish_date":"2019.07.07",
           "publish_time":"10.24",
            "abstruct":"千锋教育是互联网教育行业扛把子，在业界内有着良好的评价，万千学子通过这个平台，获得良好的就业前景，实现了人生价值。 千锋教育是互联网教育行业扛把子，在业界内有着良好的评价，万千学子通过这个平台，获得良好的就业前景，实现了人生价值。"   
        },
        {
            "img":"https://ss1.bdstatic.com/70cFvXSh_Q1YnxGkpoWK1HF6hhy/it/u=3450216413,3549821430&fm=26&gp=0.jpg",
            "title":"短标题三十一",
            "user":"北科七号",
            "long_comment_id":"028",
            "publish_date":"2019.07.07",
           "publish_time":"10.24",
            "abstruct":"千锋教育是互联网教育行业扛把子，在业界内有着良好的评价，万千学子通过这个平台，获得良好的就业前景，实现了人生价值。 千锋教育是互联网教育行业扛把子，在业界内有着良好的评价，万千学子通过这个平台，获得良好的就业前景，实现了人生价值。"   
        },
        {
            "img":"https://ss1.bdstatic.com/70cFvXSh_Q1YnxGkpoWK1HF6hhy/it/u=3779306171,3105579966&fm=26&gp=0.jpg",
            "title":"短标题三十二",
            "user":"北科七号",
            "long_comment_id":"028",
            "publish_date":"2019.07.07",
           "publish_time":"10.24",
            "abstruct":"千锋教育是互联网教育行业扛把子，在业界内有着良好的评价，万千学子通过这个平台，获得良好的就业前景，实现了人生价值。 千锋教育是互联网教育行业扛把子，在业界内有着良好的评价，万千学子通过这个平台，获得良好的就业前景，实现了人生价值。"   
        },
        {
            "img":"https://ss1.bdstatic.com/70cFvXSh_Q1YnxGkpoWK1HF6hhy/it/u=3450216413,3549821430&fm=26&gp=0.jpg",
            "title":"短标题三十三",
            "user":"北科七号",
            "long_comment_id":"028",
            "publish_date":"2019.07.07",
           "publish_time":"10.24",
            "abstruct":"千锋教育是互联网教育行业扛把子，在业界内有着良好的评价，万千学子通过这个平台，获得良好的就业前景，实现了人生价值。 千锋教育是互联网教育行业扛把子，在业界内有着良好的评价，万千学子通过这个平台，获得良好的就业前景，实现了人生价值。"   
        },
        {
            "img":"https://ss0.bdstatic.com/70cFvHSh_Q1YnxGkpoWK1HF6hhy/it/u=3004863691,3851218083&fm=26&gp=0.jpg",
            "title":"短标题三十四",
            "user":"北科七号",
            "long_comment_id":"028",
            "publish_date":"2019.07.07",
           "publish_time":"10.24",
            "abstruct":"千锋教育是互联网教育行业扛把子，在业界内有着良好的评价，万千学子通过这个平台，获得良好的就业前景，实现了人生价值。 千锋教育是互联网教育行业扛把子，在业界内有着良好的评价，万千学子通过这个平台，获得良好的就业前景，实现了人生价值。"   
        },
        {
            "img":"https://ss1.bdstatic.com/70cFvXSh_Q1YnxGkpoWK1HF6hhy/it/u=3450216413,3549821430&fm=26&gp=0.jpg",
            "title":"短标题三十五",
            "user":"北科七号",
            "long_comment_id":"028",
            "publish_date":"2019.07.07",
           "publish_time":"10.24",
            "abstruct":"千锋教育是互联网教育行业扛把子，在业界内有着良好的评价，万千学子通过这个平台，获得良好的就业前景，实现了人生价值。 千锋教育是互联网教育行业扛把子，在业界内有着良好的评价，万千学子通过这个平台，获得良好的就业前景，实现了人生价值。"   
        },
        {
            "img":"https://ss0.bdstatic.com/70cFuHSh_Q1YnxGkpoWK1HF6hhy/it/u=4287645290,2323904196&fm=11&gp=0.jpg",
            "title":"短标题三十六",
            "user":"北科七号",
            "long_comment_id":"028",
            "publish_date":"2019.07.07",
           "publish_time":"10.24",
            "abstruct":"千锋教育是互联网教育行业扛把子，在业界内有着良好的评价，万千学子通过这个平台，获得良好的就业前景，实现了人生价值。 千锋教育是互联网教育行业扛把子，在业界内有着良好的评价，万千学子通过这个平台，获得良好的就业前景，实现了人生价值。"   
        },
        {
            "img":"https://ss1.bdstatic.com/70cFvXSh_Q1YnxGkpoWK1HF6hhy/it/u=3450216413,3549821430&fm=26&gp=0.jpg",
            "title":"短标题三十七",
            "user":"北科七号",
            "long_comment_id":"028",
            "publish_date":"2019.07.07",
           "publish_time":"10.24",
            "abstruct":"千锋教育是互联网教育行业扛把子，在业界内有着良好的评价，万千学子通过这个平台，获得良好的就业前景，实现了人生价值。 千锋教育是互联网教育行业扛把子，在业界内有着良好的评价，万千学子通过这个平台，获得良好的就业前景，实现了人生价值。"   
        },
        {
            "img":"https://ss0.bdstatic.com/70cFuHSh_Q1YnxGkpoWK1HF6hhy/it/u=507890683,3255652161&fm=11&gp=0.jpg",
            "title":"短标题三十八",
            "user":"北科七号",
            "long_comment_id":"028",
            "publish_date":"2019.07.07",
           "publish_time":"10.24",
            "abstruct":"千锋教育是互联网教育行业扛把子，在业界内有着良好的评价，万千学子通过这个平台，获得良好的就业前景，实现了人生价值。 千锋教育是互联网教育行业扛把子，在业界内有着良好的评价，万千学子通过这个平台，获得良好的就业前景，实现了人生价值。"   
        },
        {
            "img":"https://ss2.bdstatic.com/70cFvnSh_Q1YnxGkpoWK1HF6hhy/it/u=3092287069,3713101271&fm=26&gp=0.jpg",
            "title":"短标题三十九",
            "user":"北科七号",
            "long_comment_id":"028",
            "publish_date":"2019.07.07",
           "publish_time":"10.24",
            "abstruct":"千锋教育是互联网教育行业扛把子，在业界内有着良好的评价，万千学子通过这个平台，获得良好的就业前景，实现了人生价值。 千锋教育是互联网教育行业扛把子，在业界内有着良好的评价，万千学子通过这个平台，获得良好的就业前景，实现了人生价值。"   
        },
        {
            "img":"https://ss1.bdstatic.com/70cFuXSh_Q1YnxGkpoWK1HF6hhy/it/u=323773027,479068786&fm=26&gp=0.jpg",
            "title":"短标题四十",
            "user":"北科七号",
            "long_comment_id":"028",
            "publish_date":"2019.07.07",
           "publish_time":"10.24",
            "abstruct":"千锋教育是互联网教育行业扛把子，在业界内有着良好的评价，万千学子通过这个平台，获得良好的就业前景，实现了人生价值。 千锋教育是互联网教育行业扛把子，在业界内有着良好的评价，万千学子通过这个平台，获得良好的就业前景，实现了人生价值。"   
        },
        {
            "img":"https://ss2.bdstatic.com/70cFvnSh_Q1YnxGkpoWK1HF6hhy/it/u=1648108831,2896457501&fm=26&gp=0.jpg",
            "title":"短标题四十一",
            "user":"北科七号",
            "long_comment_id":"028",
            "publish_date":"2019.07.07",
           "publish_time":"10.24",
            "abstruct":"千锋教育是互联网教育行业扛把子，在业界内有着良好的评价，万千学子通过这个平台，获得良好的就业前景，实现了人生价值。 千锋教育是互联网教育行业扛把子，在业界内有着良好的评价，万千学子通过这个平台，获得良好的就业前景，实现了人生价值。"   
        },{
            "img":"https://ss2.bdstatic.com/70cFvnSh_Q1YnxGkpoWK1HF6hhy/it/u=2679907743,3941229153&fm=26&gp=0.jpg",
            "title":"短标题四十二",
            "user":"北科七号",
            "long_comment_id":"028",
            "publish_date":"2019.07.07",
           "publish_time":"10.24",
            "abstruct":"千锋教育是互联网教育行业扛把子，在业界内有着良好的评价，万千学子通过这个平台，获得良好的就业前景，实现了人生价值。 千锋教育是互联网教育行业扛把子，在业界内有着良好的评价，万千学子通过这个平台，获得良好的就业前景，实现了人生价值。"   
        },
        {
            "img":"https://ss0.bdstatic.com/70cFvHSh_Q1YnxGkpoWK1HF6hhy/it/u=2828175026,1843133924&fm=26&gp=0.jpg",
            "title":"短标题四十三",
            "user":"北科七号",
            "long_comment_id":"028",
            "publish_date":"2019.07.07",
           "publish_time":"10.24",
            "abstruct":"千锋教育是互联网教育行业扛把子，在业界内有着良好的评价，万千学子通过这个平台，获得良好的就业前景，实现了人生价值。 千锋教育是互联网教育行业扛把子，在业界内有着良好的评价，万千学子通过这个平台，获得良好的就业前景，实现了人生价值。"   
        },{
            "img":"https://ss0.bdstatic.com/70cFuHSh_Q1YnxGkpoWK1HF6hhy/it/u=3567672311,3083954769&fm=26&gp=0.jpg",
            "title":"短标题四十四",
            "user":"北科七号",
            "long_comment_id":"028",
            "publish_date":"2019.07.07",
           "publish_time":"10.24",
            "abstruct":"千锋教育是互联网教育行业扛把子，在业界内有着良好的评价，万千学子通过这个平台，获得良好的就业前景，实现了人生价值。 千锋教育是互联网教育行业扛把子，在业界内有着良好的评价，万千学子通过这个平台，获得良好的就业前景，实现了人生价值。"   
        }
    ]
    
}